MM:DD:YYYY hh:mm:ss,Library_Version,Session_type,Device_Number,Battery_Voltage,Motor_Turns,FR,Event,Active_Poke,Left_Poke_Count,Right_Poke_Count,Pellet_Count,Block_Pellet_Count,Retrieval_Time,InterPelletInterval,Poke_Time
10/2/2024 6:16:36,1.16.3,FR1,0,4.14,nan,1,Left,Left,1,0,0,0,nan,nan,0.64
10/2/2024 6:16:37,1.16.3,FR1,0,4.14,nan,1,LeftDuringDispense,Left,2,0,0,0,nan,nan,0.03
10/2/2024 6:16:37,1.16.3,FR1,0,4.14,nan,1,LeftDuringDispense,Left,3,0,0,0,nan,nan,0.04
10/2/2024 6:16:50,1.16.3,FR1,0,4.14,nan,1,LeftWithPellet,Left,4,0,0,0,nan,nan,1.33
10/2/2024 6:17:28,1.16.3,FR1,0,4.14,5,1,Pellet,Left,4,0,1,0,43.30,nan,nan
10/2/2024 6:47:39,1.16.3,FR1,0,4.14,nan,1,Right,Left,4,1,1,0,nan,nan,0.79
10/2/2024 6:47:40,1.16.3,FR1,0,4.14,nan,1,Right,Left,4,2,1,0,nan,nan,0.00
10/2/2024 6:47:41,1.16.3,FR1,0,4.14,nan,1,Right,Left,4,3,1,0,nan,nan,0.10
10/2/2024 6:47:42,1.16.3,FR1,0,4.14,nan,1,Right,Left,4,4,1,0,nan,nan,0.30
10/2/2024 6:47:46,1.16.3,FR1,0,4.14,nan,1,Right,Left,4,5,1,0,nan,nan,1.19
10/2/2024 6:47:50,1.16.3,FR1,0,4.14,nan,1,Right,Left,4,6,1,0,nan,nan,0.75
10/2/2024 6:47:57,1.16.3,FR1,0,4.14,nan,1,Left,Left,5,6,1,0,nan,nan,0.62
10/2/2024 6:48:43,1.16.3,FR1,0,4.14,1,1,Pellet,Left,5,6,2,0,45.02,1875,nan
10/2/2024 6:55:08,1.16.3,FR1,0,4.14,nan,1,Right,Left,5,7,2,0,nan,nan,0.03
10/2/2024 6:56:26,1.16.3,FR1,0,4.14,nan,1,Right,Left,5,8,2,0,nan,nan,0.20
10/2/2024 7:07:20,1.16.3,FR1,0,4.14,nan,1,Right,Left,5,9,2,0,nan,nan,0.29
10/2/2024 7:17:36,1.16.3,FR1,0,4.14,nan,1,Left,Left,6,9,2,0,nan,nan,0.64
10/2/2024 7:18:01,1.16.3,FR1,0,4.14,1,1,Pellet,Left,6,9,3,0,23.98,1758,nan
10/2/2024 7:20:47,1.16.3,FR1,0,4.14,nan,1,Left,Left,7,9,3,0,nan,nan,0.11
10/2/2024 7:21:23,1.16.3,FR1,0,4.14,1,1,Pellet,Left,7,9,4,0,35.18,202,nan
10/2/2024 7:25:52,1.16.3,FR1,0,4.14,nan,1,Right,Left,7,10,4,0,nan,nan,0.11
10/2/2024 7:26:38,1.16.3,FR1,0,4.14,nan,1,Left,Left,8,10,4,0,nan,nan,0.09
10/2/2024 7:30:46,1.16.3,FR1,0,4.14,1,1,Pellet,Left,8,10,5,0,Timed_out,563,nan
10/2/2024 7:30:56,1.16.3,FR1,0,4.14,nan,1,Right,Left,8,11,5,0,nan,nan,0.47
10/2/2024 7:31:13,1.16.3,FR1,0,4.14,nan,1,Right,Left,8,12,5,0,nan,nan,0.21
10/2/2024 7:33:44,1.16.3,FR1,0,4.14,nan,1,Right,Left,8,13,5,0,nan,nan,0.05
10/2/2024 7:45:56,1.16.3,FR1,0,4.13,nan,1,Right,Left,8,14,5,0,nan,nan,0.15
10/2/2024 7:46:26,1.16.3,FR1,0,4.14,nan,1,Left,Left,9,14,5,0,nan,nan,0.11
10/2/2024 7:53:11,1.16.3,FR1,0,4.14,nan,1,RightWithPellet,Left,9,15,5,0,nan,nan,0.07
10/2/2024 7:53:17,1.16.3,FR1,0,4.13,1,1,Pellet,Left,9,15,6,0,Timed_out,1351,nan
10/2/2024 7:54:35,1.16.3,FR1,0,4.14,nan,1,Right,Left,9,16,6,0,nan,nan,0.34
10/2/2024 8:02:07,1.16.3,FR1,0,4.14,nan,1,Right,Left,9,17,6,0,nan,nan,0.06
10/2/2024 8:04:09,1.16.3,FR1,0,4.14,nan,1,Right,Left,9,18,6,0,nan,nan,0.01
10/2/2024 8:07:13,1.16.3,FR1,0,4.13,nan,1,Right,Left,9,19,6,0,nan,nan,0.00
10/2/2024 8:10:58,1.16.3,FR1,0,4.14,nan,1,Left,Left,10,19,6,0,nan,nan,0.75
10/2/2024 8:11:31,1.16.3,FR1,0,4.13,1,1,Pellet,Left,10,19,7,0,33.15,1094,nan
10/2/2024 8:11:41,1.16.3,FR1,0,4.13,nan,1,Left,Left,11,19,7,0,nan,nan,0.05
10/2/2024 8:15:43,1.16.3,FR1,0,4.13,1,1,Pellet,Left,11,19,8,0,Timed_out,252,nan
10/2/2024 8:16:10,1.16.3,FR1,0,4.14,nan,1,Right,Left,11,20,8,0,nan,nan,0.84
10/2/2024 8:21:03,1.16.3,FR1,0,4.14,nan,1,Right,Left,11,21,8,0,nan,nan,0.63
10/2/2024 8:24:27,1.16.3,FR1,0,4.14,nan,1,Right,Left,11,22,8,0,nan,nan,0.35
10/2/2024 8:28:45,1.16.3,FR1,0,4.13,nan,1,Right,Left,11,23,8,0,nan,nan,0.00
10/2/2024 8:30:46,1.16.3,FR1,0,4.13,nan,1,Left,Left,12,23,8,0,nan,nan,0.00
10/2/2024 8:31:12,1.16.3,FR1,0,4.14,1,1,Pellet,Left,12,23,9,0,25.55,929,nan
10/2/2024 8:32:27,1.16.3,FR1,0,4.13,nan,1,Left,Left,13,23,9,0,nan,nan,0.00
10/2/2024 8:32:41,1.16.3,FR1,0,4.14,1,1,Pellet,Left,13,23,10,0,13.30,89,nan
10/2/2024 8:33:23,1.16.3,FR1,0,4.14,nan,1,Left,Left,14,23,10,0,nan,nan,0.02
10/2/2024 8:33:30,1.16.3,FR1,0,4.13,nan,1,RightWithPellet,Left,14,24,10,0,nan,nan,0.09
10/2/2024 8:33:32,1.16.3,FR1,0,4.14,1,1,Pellet,Left,14,24,11,0,7.73,50,nan
10/2/2024 8:47:32,1.16.3,FR1,0,4.13,nan,1,Right,Left,14,25,11,0,nan,nan,0.00
10/2/2024 9:02:18,1.16.3,FR1,0,4.14,nan,1,Right,Left,14,26,11,0,nan,nan,0.27
10/2/2024 9:04:32,1.16.3,FR1,0,4.13,nan,1,Left,Left,15,26,11,0,nan,nan,0.05
10/2/2024 9:04:38,1.16.3,FR1,0,4.13,1,1,Pellet,Left,15,26,12,0,5.87,1867,nan
10/2/2024 9:20:32,1.16.3,FR1,0,4.12,nan,1,Left,Left,16,26,12,0,nan,nan,0.07
10/2/2024 9:20:32,1.16.3,FR1,0,4.12,nan,1,LeftDuringDispense,Left,17,26,12,0,nan,nan,0.02
10/2/2024 9:20:37,1.16.3,FR1,0,4.13,2,1,Pellet,Left,17,26,13,0,2.13,959,nan
10/2/2024 9:21:16,1.16.3,FR1,0,4.13,nan,1,Left,Left,18,26,13,0,nan,nan,0.51
10/2/2024 9:21:25,1.16.3,FR1,0,4.13,1,1,Pellet,Left,18,26,14,0,8.08,48,nan
10/2/2024 9:22:44,1.16.3,FR1,0,4.13,nan,1,Right,Left,18,27,14,0,nan,nan,0.28
10/2/2024 9:30:50,1.16.3,FR1,0,4.13,nan,1,Right,Left,18,28,14,0,nan,nan,0.06
10/2/2024 9:32:50,1.16.3,FR1,0,4.13,nan,1,Right,Left,18,29,14,0,nan,nan,0.05
10/2/2024 9:40:17,1.16.3,FR1,0,4.12,nan,1,Right,Left,18,30,14,0,nan,nan,0.04
10/2/2024 10:10:04,1.16.3,FR1,0,4.12,nan,1,Left,Left,19,30,14,0,nan,nan,0.22
10/2/2024 10:10:05,1.16.3,FR1,0,4.13,nan,1,LeftDuringDispense,Left,20,30,14,0,nan,nan,0.44
10/2/2024 10:10:06,1.16.3,FR1,0,4.13,nan,1,LeftDuringDispense,Left,21,30,14,0,nan,nan,0.33
10/2/2024 10:10:11,1.16.3,FR1,0,4.12,2,1,Pellet,Left,21,30,15,0,2.38,2926,nan
10/2/2024 10:10:56,1.16.3,FR1,0,4.12,nan,1,Right,Left,21,31,15,0,nan,nan,0.86
10/2/2024 10:11:01,1.16.3,FR1,0,4.13,nan,1,Right,Left,21,32,15,0,nan,nan,0.75
10/2/2024 10:11:31,1.16.3,FR1,0,4.12,nan,1,Left,Left,22,32,15,0,nan,nan,0.47
10/2/2024 10:11:33,1.16.3,FR1,0,4.12,1,1,Pellet,Left,22,32,16,0,1.77,82,nan
10/2/2024 10:12:24,1.16.3,FR1,0,4.13,nan,1,Right,Left,22,33,16,0,nan,nan,0.48
10/2/2024 10:12:49,1.16.3,FR1,0,4.13,nan,1,Left,Left,23,33,16,0,nan,nan,0.01
10/2/2024 10:12:50,1.16.3,FR1,0,4.12,nan,1,LeftDuringDispense,Left,24,33,16,0,nan,nan,0.41
10/2/2024 10:12:58,1.16.3,FR1,0,4.12,4,1,Pellet,Left,24,33,17,0,2.13,85,nan
10/2/2024 10:13:28,1.16.3,FR1,0,4.13,nan,1,Left,Left,25,33,17,0,nan,nan,0.47
10/2/2024 10:13:32,1.16.3,FR1,0,4.12,2,1,Pellet,Left,25,33,18,0,2.62,34,nan
10/2/2024 10:14:11,1.16.3,FR1,0,4.13,nan,1,Left,Left,26,33,18,0,nan,nan,0.02
10/2/2024 10:14:14,1.16.3,FR1,0,4.12,2,1,Pellet,Left,26,33,19,0,2.32,42,nan
10/2/2024 10:14:51,1.16.3,FR1,0,4.12,nan,1,Left,Left,27,33,19,0,nan,nan,0.00
10/2/2024 10:14:53,1.16.3,FR1,0,4.13,nan,1,LeftWithPellet,Left,28,33,19,0,nan,nan,0.38
10/2/2024 10:14:55,1.16.3,FR1,0,4.13,2,1,Pellet,Left,28,33,20,0,2.96,41,nan
10/2/2024 10:15:22,1.16.3,FR1,0,4.13,nan,1,Right,Left,28,34,20,0,nan,nan,0.34
10/2/2024 10:15:46,1.16.3,FR1,0,4.12,nan,1,Right,Left,28,35,20,0,nan,nan,0.08
10/2/2024 10:15:47,1.16.3,FR1,0,4.13,nan,1,Right,Left,28,36,20,0,nan,nan,0.00
10/2/2024 10:15:48,1.16.3,FR1,0,4.12,nan,1,Right,Left,28,37,20,0,nan,nan,0.15
10/2/2024 10:15:49,1.16.3,FR1,0,4.12,nan,1,Right,Left,28,38,20,0,nan,nan,0.00
10/2/2024 10:15:51,1.16.3,FR1,0,4.12,nan,1,Right,Left,28,39,20,0,nan,nan,0.00
10/2/2024 10:16:52,1.16.3,FR1,0,4.13,nan,1,Left,Left,29,39,20,0,nan,nan,0.49
10/2/2024 10:16:55,1.16.3,FR1,0,4.13,1,1,Pellet,Left,29,39,21,0,1.64,120,nan
10/2/2024 10:17:26,1.16.3,FR1,0,4.12,nan,1,Left,Left,30,39,21,0,nan,nan,0.00
10/2/2024 10:17:29,1.16.3,FR1,0,4.12,1,1,Pellet,Left,30,39,22,0,1.70,33,nan
10/2/2024 10:18:12,1.16.3,FR1,0,4.12,nan,1,Left,Left,31,39,22,0,nan,nan,0.36
10/2/2024 10:18:15,1.16.3,FR1,0,4.12,1,1,Pellet,Left,31,39,23,0,2.01,46,nan
10/2/2024 10:20:42,1.16.3,FR1,0,4.13,nan,1,Left,Left,32,39,23,0,nan,nan,0.35
10/2/2024 10:20:46,1.16.3,FR1,0,4.13,nan,1,LeftWithPellet,Left,33,39,23,0,nan,nan,0.24
10/2/2024 10:21:20,1.16.3,FR1,0,4.12,1,1,Pellet,Left,33,39,24,0,36.66,186,nan
10/2/2024 10:26:42,1.16.3,FR1,0,4.13,nan,1,Right,Left,33,40,24,0,nan,nan,0.43
10/2/2024 10:26:46,1.16.3,FR1,0,4.12,nan,1,Left,Left,34,40,24,0,nan,nan,0.48
10/2/2024 10:26:49,1.16.3,FR1,0,4.12,1,1,Pellet,Left,34,40,25,0,1.64,329,nan
10/2/2024 10:54:01,1.16.3,FR1,0,4.12,nan,1,Left,Left,35,40,25,0,nan,nan,0.17
10/2/2024 10:54:04,1.16.3,FR1,0,4.12,1,1,Pellet,Left,35,40,26,0,2.20,1635,nan
10/2/2024 10:54:48,1.16.3,FR1,0,4.12,nan,1,Left,Left,36,40,26,0,nan,nan,0.44
10/2/2024 10:54:51,1.16.3,FR1,0,4.12,1,1,Pellet,Left,36,40,27,0,2.01,47,nan
10/2/2024 10:55:26,1.16.3,FR1,0,4.12,nan,1,Right,Left,36,41,27,0,nan,nan,0.21
10/2/2024 10:55:36,1.16.3,FR1,0,4.13,nan,1,Left,Left,37,41,27,0,nan,nan,0.45
10/2/2024 10:55:37,1.16.3,FR1,0,4.12,nan,1,LeftWithPellet,Left,38,41,27,0,nan,nan,0.26
10/2/2024 10:55:40,1.16.3,FR1,0,4.12,1,1,Pellet,Left,38,41,28,0,2.96,49,nan
10/2/2024 10:56:29,1.16.3,FR1,0,4.12,nan,1,Left,Left,39,41,28,0,nan,nan,0.23
10/2/2024 10:56:36,1.16.3,FR1,0,4.13,1,1,Pellet,Left,39,41,29,0,6.55,56,nan
10/2/2024 10:56:56,1.16.3,FR1,0,4.12,nan,1,Left,Left,40,41,29,0,nan,nan,0.03
10/2/2024 10:57:00,1.16.3,FR1,0,4.12,1,1,Pellet,Left,40,41,30,0,3.30,24,nan
10/2/2024 10:57:27,1.16.3,FR1,0,4.13,nan,1,Right,Left,40,42,30,0,nan,nan,0.17
10/2/2024 10:57:37,1.16.3,FR1,0,4.12,nan,1,Left,Left,41,42,30,0,nan,nan,0.22
10/2/2024 10:57:38,1.16.3,FR1,0,4.12,nan,1,LeftDuringDispense,Left,42,42,30,0,nan,nan,0.20
10/2/2024 10:57:41,1.16.3,FR1,0,4.12,2,1,Pellet,Left,42,42,31,0,0.42,41,nan
10/2/2024 10:58:05,1.16.3,FR1,0,4.12,nan,1,Left,Left,43,42,31,0,nan,nan,0.42
10/2/2024 10:58:07,1.16.3,FR1,0,4.12,1,1,Pellet,Left,43,42,32,0,1.40,26,nan
10/2/2024 10:58:43,1.16.3,FR1,0,4.12,nan,1,Left,Left,44,42,32,0,nan,nan,0.35
10/2/2024 10:58:45,1.16.3,FR1,0,4.12,nan,1,LeftWithPellet,Left,45,42,32,0,nan,nan,0.47
10/2/2024 10:58:47,1.16.3,FR1,0,4.12,1,1,Pellet,Left,45,42,33,0,3.48,40,nan
10/2/2024 11:01:57,1.16.3,FR1,0,4.12,nan,1,Left,Left,46,42,33,0,nan,nan,0.22
10/2/2024 11:01:59,1.16.3,FR1,0,4.12,1,1,Pellet,Left,46,42,34,0,1.52,192,nan
10/2/2024 11:15:35,1.16.3,FR1,0,4.12,nan,1,Left,Left,47,42,34,0,nan,nan,0.50
10/2/2024 11:15:38,1.16.3,FR1,0,4.12,1,1,Pellet,Left,47,42,35,0,1.64,819,nan
10/2/2024 11:17:33,1.16.3,FR1,0,4.12,nan,1,Left,Left,48,42,35,0,nan,nan,0.47
10/2/2024 11:17:35,1.16.3,FR1,0,4.12,1,1,Pellet,Left,48,42,36,0,0.97,117,nan
10/2/2024 11:18:15,1.16.3,FR1,0,4.12,nan,1,Left,Left,49,42,36,0,nan,nan,0.27
10/2/2024 11:18:20,1.16.3,FR1,0,4.12,1,1,Pellet,Left,49,42,37,0,3.73,45,nan
10/2/2024 11:20:32,1.16.3,FR1,0,4.12,nan,1,Left,Left,50,42,37,0,nan,nan,0.02
10/2/2024 11:20:33,1.16.3,FR1,0,4.12,nan,1,LeftDuringDispense,Left,51,42,37,0,nan,nan,0.66
10/2/2024 11:20:35,1.16.3,FR1,0,4.12,nan,1,LeftDuringDispense,Left,52,42,37,0,nan,nan,0.45
10/2/2024 11:20:38,1.16.3,FR1,0,4.12,2,1,Pellet,Left,52,42,38,0,0.85,138,nan
10/2/2024 11:25:12,1.16.3,FR1,0,4.12,nan,1,Left,Left,53,42,38,0,nan,nan,0.06
10/2/2024 11:26:00,1.16.3,FR1,0,4.12,1,1,Pellet,Left,53,42,39,0,47.84,322,nan
10/2/2024 11:33:01,1.16.3,FR1,0,4.12,nan,1,Left,Left,54,42,39,0,nan,nan,0.16
10/2/2024 11:33:02,1.16.3,FR1,0,4.12,1,1,Pellet,Left,54,42,40,0,1.03,422,nan
10/2/2024 11:33:34,1.16.3,FR1,0,4.13,nan,1,Right,Left,54,43,40,0,nan,nan,0.27
10/2/2024 11:33:37,1.16.3,FR1,0,4.12,nan,1,Left,Left,55,43,40,0,nan,nan,0.08
10/2/2024 11:33:41,1.16.3,FR1,0,4.12,1,1,Pellet,Left,55,43,41,0,3.24,39,nan
10/2/2024 11:39:31,1.16.3,FR1,0,4.12,nan,1,Right,Left,55,44,41,0,nan,nan,0.43
10/2/2024 11:39:41,1.16.3,FR1,0,4.12,nan,1,Right,Left,55,45,41,0,nan,nan,0.12
10/2/2024 11:40:49,1.16.3,FR1,0,4.12,nan,1,Right,Left,55,46,41,0,nan,nan,0.06
10/2/2024 11:41:57,1.16.3,FR1,0,4.12,nan,1,Right,Left,55,47,41,0,nan,nan,0.19
10/2/2024 11:41:59,1.16.3,FR1,0,4.12,nan,1,Right,Left,55,48,41,0,nan,nan,0.08
10/2/2024 11:44:43,1.16.3,FR1,0,4.12,nan,1,Right,Left,55,49,41,0,nan,nan,0.00
10/2/2024 11:45:43,1.16.3,FR1,0,4.12,nan,1,Left,Left,56,49,41,0,nan,nan,0.03
10/2/2024 11:45:49,1.16.3,FR1,0,4.12,1,1,Pellet,Left,56,49,42,0,4.89,728,nan
10/2/2024 11:46:47,1.16.3,FR1,0,4.12,nan,1,Left,Left,57,49,42,0,nan,nan,0.05
10/2/2024 11:46:50,1.16.3,FR1,0,4.12,1,1,Pellet,Left,57,49,43,0,2.50,61,nan
10/2/2024 11:49:03,1.16.3,FR1,0,4.12,nan,1,Right,Left,57,50,43,0,nan,nan,0.00
10/2/2024 11:49:06,1.16.3,FR1,0,4.12,nan,1,Left,Left,58,50,43,0,nan,nan,0.14
10/2/2024 11:49:24,1.16.3,FR1,0,4.12,1,1,Pellet,Left,58,50,44,0,16.50,154,nan
10/2/2024 11:51:28,1.16.3,FR1,0,4.12,nan,1,Right,Left,58,51,44,0,nan,nan,0.07
10/2/2024 11:51:29,1.16.3,FR1,0,4.12,nan,1,Right,Left,58,52,44,0,nan,nan,0.00
10/2/2024 11:51:31,1.16.3,FR1,0,4.12,nan,1,Right,Left,58,53,44,0,nan,nan,0.22
10/2/2024 11:52:49,1.16.3,FR1,0,4.12,nan,1,Right,Left,58,54,44,0,nan,nan,0.12
10/2/2024 11:55:23,1.16.3,FR1,0,4.12,nan,1,Right,Left,58,55,44,0,nan,nan,0.34
10/2/2024 11:55:25,1.16.3,FR1,0,4.12,nan,1,Right,Left,58,56,44,0,nan,nan,0.07
10/2/2024 11:55:34,1.16.3,FR1,0,4.12,nan,1,Left,Left,59,56,44,0,nan,nan,0.63
10/2/2024 11:55:37,1.16.3,FR1,0,4.12,1,1,Pellet,Left,59,56,45,0,2.26,373,nan
10/2/2024 11:56:02,1.16.3,FR1,0,4.12,nan,1,Left,Left,60,56,45,0,nan,nan,0.29
10/2/2024 11:56:04,1.16.3,FR1,0,4.12,1,1,Pellet,Left,60,56,46,0,1.28,27,nan
10/2/2024 11:56:22,1.16.3,FR1,0,4.12,nan,1,Right,Left,60,57,46,0,nan,nan,0.54
10/2/2024 12:00:18,1.16.3,FR1,0,4.12,nan,1,Left,Left,61,57,46,0,nan,nan,0.49
10/2/2024 12:00:21,1.16.3,FR1,0,4.12,1,1,Pellet,Left,61,57,47,0,1.77,257,nan
10/2/2024 12:01:04,1.16.3,FR1,0,4.12,nan,1,Left,Left,62,57,47,0,nan,nan,0.31
10/2/2024 12:01:08,1.16.3,FR1,0,4.12,1,1,Pellet,Left,62,57,48,0,3.36,47,nan
10/2/2024 12:01:33,1.16.3,FR1,0,4.12,nan,1,Left,Left,63,57,48,0,nan,nan,0.21
10/2/2024 12:01:35,1.16.3,FR1,0,4.12,1,1,Pellet,Left,63,57,49,0,0.97,27,nan
10/2/2024 12:01:56,1.16.3,FR1,0,4.12,nan,1,Left,Left,64,57,49,0,nan,nan,0.21
10/2/2024 12:01:58,1.16.3,FR1,0,4.12,1,1,Pellet,Left,64,57,50,0,1.22,23,nan
10/2/2024 12:02:16,1.16.3,FR1,0,4.12,nan,1,Left,Left,65,57,50,0,nan,nan,0.19
10/2/2024 12:02:19,1.16.3,FR1,0,4.12,1,1,Pellet,Left,65,57,51,0,2.56,21,nan
10/2/2024 12:03:03,1.16.3,FR1,0,4.12,nan,1,Left,Left,66,57,51,0,nan,nan,0.05
10/2/2024 12:03:25,1.16.3,FR1,0,4.12,nan,1,RightWithPellet,Left,66,58,51,0,nan,nan,0.18
10/2/2024 12:04:34,1.16.3,FR1,0,4.12,1,1,Pellet,Left,66,58,52,0,Timed_out,135,nan
10/2/2024 12:06:36,1.16.3,FR1,0,4.12,nan,1,Left,Left,67,58,52,0,nan,nan,0.44
10/2/2024 12:06:40,1.16.3,FR1,0,4.12,nan,1,LeftWithPellet,Left,68,58,52,0,nan,nan,0.11
10/2/2024 12:14:28,1.16.3,FR1,0,4.12,1,1,Pellet,Left,68,58,53,0,Timed_out,594,nan
10/2/2024 12:18:11,1.16.3,FR1,0,4.12,nan,1,Left,Left,69,58,53,0,nan,nan,0.24
10/2/2024 12:18:20,1.16.3,FR1,0,4.12,nan,1,RightWithPellet,Left,69,59,53,0,nan,nan,0.43
10/2/2024 12:18:22,1.16.3,FR1,0,4.12,1,1,Pellet,Left,69,59,54,0,9.71,233,nan
10/2/2024 12:19:11,1.16.3,FR1,0,4.12,nan,1,Left,Left,70,59,54,0,nan,nan,0.48
10/2/2024 12:19:17,1.16.3,FR1,0,4.12,2,1,Pellet,Left,70,59,55,0,3.24,56,nan
10/2/2024 12:23:08,1.16.3,FR1,0,4.12,nan,1,Left,Left,71,59,55,0,nan,nan,0.05
10/2/2024 12:24:12,1.16.3,FR1,0,4.12,nan,1,RightWithPellet,Left,71,60,55,0,nan,nan,0.06
10/2/2024 12:27:14,1.16.3,FR1,0,4.12,nan,1,RightWithPellet,Left,71,61,55,0,nan,nan,0.05
10/2/2024 12:27:18,1.16.3,FR1,0,4.12,nan,1,LeftWithPellet,Left,72,61,55,0,nan,nan,0.05
10/2/2024 12:27:50,1.16.3,FR1,0,4.12,nan,1,RightWithPellet,Left,72,62,55,0,nan,nan,0.02
10/2/2024 12:29:41,1.16.3,FR1,0,4.12,nan,1,RightWithPellet,Left,72,63,55,0,nan,nan,0.06
10/2/2024 12:37:49,1.16.3,FR1,0,4.12,1,1,Pellet,Left,72,63,56,0,Timed_out,1112,nan
10/2/2024 12:44:57,1.16.3,FR1,0,4.12,nan,1,Left,Left,73,63,56,0,nan,nan,0.08
10/2/2024 12:45:07,1.16.3,FR1,0,4.12,1,1,Pellet,Left,73,63,57,0,9.68,438,nan
10/2/2024 12:45:16,1.16.3,FR1,0,4.12,nan,1,Left,Left,74,63,57,0,nan,nan,0.38
10/2/2024 12:45:20,1.16.3,FR1,0,4.12,1,1,Pellet,Left,74,63,58,0,3.30,13,nan
10/2/2024 12:46:19,1.16.3,FR1,0,4.12,nan,1,Left,Left,75,63,58,0,nan,nan,0.02
10/2/2024 12:46:23,1.16.3,FR1,0,4.12,2,1,Pellet,Left,75,63,59,0,3.00,63,nan
10/2/2024 12:50:34,1.16.3,FR1,0,4.12,nan,1,Left,Left,76,63,59,0,nan,nan,0.40
10/2/2024 12:50:39,1.16.3,FR1,0,4.12,nan,1,LeftWithPellet,Left,77,63,59,0,nan,nan,0.28
10/2/2024 12:51:38,1.16.3,FR1,0,4.12,1,1,Pellet,Left,77,63,60,0,Timed_out,315,nan
10/2/2024 12:52:00,1.16.3,FR1,0,4.12,nan,1,Right,Left,77,64,60,0,nan,nan,0.11
10/2/2024 12:54:08,1.16.3,FR1,0,4.12,nan,1,Left,Left,78,64,60,0,nan,nan,0.30
10/2/2024 12:54:11,1.16.3,FR1,0,4.12,1,1,Pellet,Left,78,64,61,0,1.46,153,nan
10/2/2024 12:54:37,1.16.3,FR1,0,4.12,nan,1,Right,Left,78,65,61,0,nan,nan,0.37
10/2/2024 12:57:39,1.16.3,FR1,0,4.12,nan,1,Left,Left,79,65,61,0,nan,nan,0.03
10/2/2024 12:57:42,1.16.3,FR1,0,4.12,1,1,Pellet,Left,79,65,62,0,1.52,211,nan
10/2/2024 12:59:17,1.16.3,FR1,0,4.12,nan,1,Right,Left,79,66,62,0,nan,nan,0.25
10/2/2024 13:11:42,1.16.3,FR1,0,4.12,nan,1,Right,Left,79,67,62,0,nan,nan,0.03
10/2/2024 13:11:45,1.16.3,FR1,0,4.12,nan,1,Right,Left,79,68,62,0,nan,nan,0.04
10/2/2024 13:16:03,1.16.3,FR1,0,4.12,nan,1,Left,Left,80,68,62,0,nan,nan,0.20
10/2/2024 13:16:05,1.16.3,FR1,0,4.12,1,1,Pellet,Left,80,68,63,0,1.34,1103,nan
10/2/2024 13:16:29,1.16.3,FR1,0,4.12,nan,1,Right,Left,80,69,63,0,nan,nan,0.00
10/2/2024 13:16:41,1.16.3,FR1,0,4.12,nan,1,Left,Left,81,69,63,0,nan,nan,0.01
10/2/2024 13:16:47,1.16.3,FR1,0,4.12,1,1,Pellet,Left,81,69,64,0,5.14,42,nan
10/2/2024 13:21:10,1.16.3,FR1,0,4.12,nan,1,Right,Left,81,70,64,0,nan,nan,0.17
10/2/2024 13:21:14,1.16.3,FR1,0,4.12,nan,1,Left,Left,82,70,64,0,nan,nan,0.49
10/2/2024 13:21:17,1.16.3,FR1,0,4.12,1,1,Pellet,Left,82,70,65,0,2.56,270,nan
10/2/2024 13:21:46,1.16.3,FR1,0,4.12,nan,1,Left,Left,83,70,65,0,nan,nan,0.23
10/2/2024 13:21:48,1.16.3,FR1,0,4.12,2,1,Pellet,Left,83,70,66,0,1.34,31,nan
10/2/2024 13:22:12,1.16.3,FR1,0,4.12,nan,1,Right,Left,83,71,66,0,nan,nan,0.17
10/2/2024 13:22:17,1.16.3,FR1,0,4.12,nan,1,Left,Left,84,71,66,0,nan,nan,0.13
10/2/2024 13:22:19,1.16.3,FR1,0,4.12,1,1,Pellet,Left,84,71,67,0,1.16,31,nan
10/2/2024 13:23:38,1.16.3,FR1,0,4.12,nan,1,Right,Left,84,72,67,0,nan,nan,0.07
10/2/2024 13:38:21,1.16.3,FR1,0,4.12,nan,1,Right,Left,84,73,67,0,nan,nan,0.00
10/2/2024 13:38:25,1.16.3,FR1,0,4.12,nan,1,Left,Left,85,73,67,0,nan,nan,0.09
10/2/2024 13:38:27,1.16.3,FR1,0,4.12,1,1,Pellet,Left,85,73,68,0,2.08,968,nan
10/2/2024 13:38:57,1.16.3,FR1,0,4.12,nan,1,Right,Left,85,74,68,0,nan,nan,0.03
10/2/2024 13:39:01,1.16.3,FR1,0,4.11,nan,1,Left,Left,86,74,68,0,nan,nan,0.29
10/2/2024 13:39:05,1.16.3,FR1,0,4.12,1,1,Pellet,Left,86,74,69,0,2.81,38,nan
10/2/2024 13:39:21,1.16.3,FR1,0,4.11,nan,1,Left,Left,87,74,69,0,nan,nan,0.24
10/2/2024 13:39:23,1.16.3,FR1,0,4.11,1,1,Pellet,Left,87,74,70,0,1.83,18,nan
10/2/2024 13:39:52,1.16.3,FR1,0,4.11,nan,1,Left,Left,88,74,70,0,nan,nan,0.62
10/2/2024 13:39:54,1.16.3,FR1,0,4.12,1,1,Pellet,Left,88,74,71,0,1.77,31,nan
10/2/2024 13:43:10,1.16.3,FR1,0,4.12,nan,1,Left,Left,89,74,71,0,nan,nan,0.14
10/2/2024 13:43:12,1.16.3,FR1,0,4.11,1,1,Pellet,Left,89,74,72,0,1.46,198,nan
10/2/2024 13:51:06,1.16.3,FR1,0,4.11,nan,1,Left,Left,90,74,72,0,nan,nan,0.36
10/2/2024 13:51:10,1.16.3,FR1,0,4.12,1,1,Pellet,Left,90,74,73,0,3.36,478,nan
10/2/2024 13:51:39,1.16.3,FR1,0,4.12,nan,1,Left,Left,91,74,73,0,nan,nan,0.14
10/2/2024 13:51:43,1.16.3,FR1,0,4.12,1,1,Pellet,Left,91,74,74,0,2.50,33,nan
10/2/2024 13:54:24,1.16.3,FR1,0,4.11,nan,1,Left,Left,92,74,74,0,nan,nan,0.05
10/2/2024 13:54:27,1.16.3,FR1,0,4.11,1,1,Pellet,Left,92,74,75,0,2.07,164,nan
10/2/2024 14:04:25,1.16.3,FR1,0,4.11,nan,1,Left,Left,93,74,75,0,nan,nan,0.42
10/2/2024 14:04:25,1.16.3,FR1,0,4.11,nan,1,LeftDuringDispense,Left,94,74,75,0,nan,nan,0.07
10/2/2024 14:04:26,1.16.3,FR1,0,4.12,nan,1,LeftDuringDispense,Left,95,74,75,0,nan,nan,0.27
10/2/2024 14:04:31,1.16.3,FR1,0,4.12,2,1,Pellet,Left,95,74,76,0,2.13,604,nan
10/2/2024 14:11:01,1.16.3,FR1,0,4.12,nan,1,Left,Left,96,74,76,0,nan,nan,0.04
10/2/2024 14:11:03,1.16.3,FR1,0,4.12,1,1,Pellet,Left,96,74,77,0,1.34,392,nan
10/2/2024 14:11:33,1.16.3,FR1,0,4.11,nan,1,Left,Left,97,74,77,0,nan,nan,0.13
10/2/2024 14:11:34,1.16.3,FR1,0,4.12,1,1,Pellet,Left,97,74,78,0,0.79,31,nan
10/2/2024 14:13:27,1.16.3,FR1,0,4.11,nan,1,Right,Left,97,75,78,0,nan,nan,0.26
10/2/2024 14:13:29,1.16.3,FR1,0,4.12,nan,1,Left,Left,98,75,78,0,nan,nan,0.36
10/2/2024 14:14:25,1.16.3,FR1,0,4.12,1,1,Pellet,Left,98,75,79,0,55.70,171,nan
10/2/2024 14:22:23,1.16.3,FR1,0,4.11,nan,1,Right,Left,98,76,79,0,nan,nan,0.06
10/2/2024 14:27:58,1.16.3,FR1,0,4.12,nan,1,Left,Left,99,76,79,0,nan,nan,0.02
10/2/2024 14:28:01,1.16.3,FR1,0,4.11,1,1,Pellet,Left,99,76,80,0,1.71,816,nan
10/2/2024 14:28:26,1.16.3,FR1,0,4.12,nan,1,Left,Left,100,76,80,0,nan,nan,0.11
10/2/2024 14:28:28,1.16.3,FR1,0,4.11,1,1,Pellet,Left,100,76,81,0,0.73,27,nan
10/2/2024 14:28:47,1.16.3,FR1,0,4.11,nan,1,Right,Left,100,77,81,0,nan,nan,0.26
10/2/2024 14:28:50,1.16.3,FR1,0,4.12,nan,1,Left,Left,101,77,81,0,nan,nan,0.03
10/2/2024 14:28:53,1.16.3,FR1,0,4.11,1,1,Pellet,Left,101,77,82,0,1.77,25,nan
10/2/2024 14:29:13,1.16.3,FR1,0,4.12,nan,1,Left,Left,102,77,82,0,nan,nan,0.10
10/2/2024 14:29:16,1.16.3,FR1,0,4.11,1,1,Pellet,Left,102,77,83,0,1.77,23,nan
10/2/2024 14:29:53,1.16.3,FR1,0,4.12,nan,1,Left,Left,103,77,83,0,nan,nan,0.00
10/2/2024 14:29:54,1.16.3,FR1,0,4.11,1,1,Pellet,Left,103,77,84,0,0.85,38,nan
10/2/2024 14:30:19,1.16.3,FR1,0,4.11,nan,1,Left,Left,104,77,84,0,nan,nan,0.00
10/2/2024 14:30:21,1.16.3,FR1,0,4.11,1,1,Pellet,Left,104,77,85,0,1.58,27,nan
10/2/2024 14:30:55,1.16.3,FR1,0,4.11,nan,1,Left,Left,105,77,85,0,nan,nan,0.50
10/2/2024 14:33:38,1.16.3,FR1,0,4.11,1,1,Pellet,Left,105,77,86,0,Timed_out,197,nan
10/2/2024 14:44:02,1.16.3,FR1,0,4.12,nan,1,Right,Left,105,78,86,0,nan,nan,0.09
10/2/2024 14:44:04,1.16.3,FR1,0,4.11,nan,1,Right,Left,105,79,86,0,nan,nan,0.04
10/2/2024 14:44:05,1.16.3,FR1,0,4.11,nan,1,Right,Left,105,80,86,0,nan,nan,0.18
10/2/2024 14:44:07,1.16.3,FR1,0,4.12,nan,1,Right,Left,105,81,86,0,nan,nan,0.20
10/2/2024 14:44:08,1.16.3,FR1,0,4.11,nan,1,Right,Left,105,82,86,0,nan,nan,0.04
10/2/2024 14:44:42,1.16.3,FR1,0,4.11,nan,1,Left,Left,106,82,86,0,nan,nan,0.26
10/2/2024 14:44:44,1.16.3,FR1,0,4.11,2,1,Pellet,Left,106,82,87,0,0.97,666,nan
10/2/2024 14:45:01,1.16.3,FR1,0,4.11,nan,1,Left,Left,107,82,87,0,nan,nan,0.06
10/2/2024 14:45:03,1.16.3,FR1,0,4.11,1,1,Pellet,Left,107,82,88,0,1.16,19,nan
10/2/2024 14:45:21,1.16.3,FR1,0,4.12,nan,1,Left,Left,108,82,88,0,nan,nan,0.06
10/2/2024 14:45:22,1.16.3,FR1,0,4.11,1,1,Pellet,Left,108,82,89,0,0.91,19,nan
10/2/2024 14:45:49,1.16.3,FR1,0,4.11,nan,1,Left,Left,109,82,89,0,nan,nan,0.01
10/2/2024 14:45:49,1.16.3,FR1,0,4.11,nan,1,LeftDuringDispense,Left,110,82,89,0,nan,nan,0.03
10/2/2024 14:45:53,1.16.3,FR1,0,4.11,nan,1,LeftWithPellet,Left,111,82,89,0,nan,nan,0.15
10/2/2024 14:45:53,1.16.3,FR1,0,4.11,nan,1,LeftWithPellet,Left,112,82,89,0,nan,nan,0.07
10/2/2024 14:45:56,1.16.3,FR1,0,4.11,2,1,Pellet,Left,112,82,90,0,3.86,34,nan
10/2/2024 14:54:13,1.16.3,FR1,0,4.11,nan,1,Left,Left,113,82,90,0,nan,nan,0.29
10/2/2024 14:54:15,1.16.3,FR1,0,4.11,1,1,Pellet,Left,113,82,91,0,1.03,499,nan
10/2/2024 15:04:25,1.16.3,FR1,0,4.11,nan,1,Left,Left,114,82,91,0,nan,nan,0.24
10/2/2024 15:05:18,1.16.3,FR1,0,4.11,1,1,Pellet,Left,114,82,92,0,51.94,663,nan
10/2/2024 15:12:08,1.16.3,FR1,0,4.11,nan,1,Right,Left,114,83,92,0,nan,nan,0.10
10/2/2024 15:15:48,1.16.3,FR1,0,4.11,nan,1,Left,Left,115,83,92,0,nan,nan,0.57
10/2/2024 15:15:56,1.16.3,FR1,0,4.11,1,1,Pellet,Left,115,83,93,0,6.98,637,nan
10/2/2024 15:16:04,1.16.3,FR1,0,4.11,nan,1,Right,Left,115,84,93,0,nan,nan,0.25
10/2/2024 15:22:21,1.16.3,FR1,0,4.11,nan,1,Left,Left,116,84,93,0,nan,nan,0.02
10/2/2024 15:22:25,1.16.3,FR1,0,4.11,1,1,Pellet,Left,116,84,94,0,3.73,390,nan
10/2/2024 15:22:50,1.16.3,FR1,0,4.11,nan,1,Left,Left,117,84,94,0,nan,nan,0.01
10/2/2024 15:22:52,1.16.3,FR1,0,4.11,1,1,Pellet,Left,117,84,95,0,1.52,27,nan
10/2/2024 15:35:43,1.16.3,FR1,0,4.11,nan,1,Left,Left,118,84,95,0,nan,nan,0.17
10/2/2024 15:36:20,1.16.3,FR1,0,4.11,1,1,Pellet,Left,118,84,96,0,35.78,808,nan
10/2/2024 15:37:00,1.16.3,FR1,0,4.11,nan,1,Left,Left,119,84,96,0,nan,nan,0.33
10/2/2024 15:37:03,1.16.3,FR1,0,4.11,1,1,Pellet,Left,119,84,97,0,2.50,43,nan
10/2/2024 15:37:22,1.16.3,FR1,0,4.11,nan,1,Left,Left,120,84,97,0,nan,nan,0.25
10/2/2024 15:37:24,1.16.3,FR1,0,4.11,1,1,Pellet,Left,120,84,98,0,1.03,21,nan
10/2/2024 15:37:42,1.16.3,FR1,0,4.11,nan,1,Left,Left,121,84,98,0,nan,nan,0.02
10/2/2024 15:37:43,1.16.3,FR1,0,4.11,nan,1,LeftDuringDispense,Left,122,84,98,0,nan,nan,0.11
10/2/2024 15:37:46,1.16.3,FR1,0,4.11,3,1,Pellet,Left,122,84,99,0,0.85,22,nan
10/2/2024 15:38:08,1.16.3,FR1,0,4.11,nan,1,Left,Left,123,84,99,0,nan,nan,0.03
10/2/2024 15:38:11,1.16.3,FR1,0,4.11,1,1,Pellet,Left,123,84,100,0,2.32,25,nan
10/2/2024 15:38:29,1.16.3,FR1,0,4.11,nan,1,Left,Left,124,84,100,0,nan,nan,0.20
10/2/2024 15:38:31,1.16.3,FR1,0,4.11,1,1,Pellet,Left,124,84,101,0,1.34,20,nan
10/2/2024 15:38:52,1.16.3,FR1,0,4.11,nan,1,Left,Left,125,84,101,0,nan,nan,0.42
10/2/2024 15:38:55,1.16.3,FR1,0,4.11,1,1,Pellet,Left,125,84,102,0,2.07,24,nan
10/2/2024 15:39:17,1.16.3,FR1,0,4.11,nan,1,Left,Left,126,84,102,0,nan,nan,0.11
10/2/2024 15:39:17,1.16.3,FR1,0,4.11,nan,1,LeftDuringDispense,Left,127,84,102,0,nan,nan,0.15
10/2/2024 15:39:20,1.16.3,FR1,0,4.11,2,1,Pellet,Left,127,84,103,0,0.06,25,nan
10/2/2024 15:39:42,1.16.3,FR1,0,4.11,nan,1,Left,Left,128,84,103,0,nan,nan,0.66
10/2/2024 15:39:43,1.16.3,FR1,0,4.11,1,1,Pellet,Left,128,84,104,0,0.97,23,nan
10/2/2024 15:53:50,1.16.3,FR1,0,4.11,nan,1,Right,Left,128,85,104,0,nan,nan,0.17
10/2/2024 16:00:42,1.16.3,FR1,0,4.11,nan,1,Left,Left,129,85,104,0,nan,nan,0.20
10/2/2024 16:00:44,1.16.3,FR1,0,4.11,1,1,Pellet,Left,129,85,105,0,0.73,1261,nan
10/2/2024 16:01:09,1.16.3,FR1,0,4.11,nan,1,Left,Left,130,85,105,0,nan,nan,0.39
10/2/2024 16:01:10,1.16.3,FR1,0,4.11,1,1,Pellet,Left,130,85,106,0,0.79,26,nan
10/2/2024 16:29:08,1.16.3,FR1,0,4.11,nan,1,Left,Left,131,85,106,0,nan,nan,0.05
10/2/2024 16:29:09,1.16.3,FR1,0,4.11,1,1,Pellet,Left,131,85,107,0,0.73,1679,nan
10/2/2024 16:29:52,1.16.3,FR1,0,4.11,nan,1,Left,Left,132,85,107,0,nan,nan,0.27
10/2/2024 16:29:54,1.16.3,FR1,0,4.11,1,1,Pellet,Left,132,85,108,0,1.09,45,nan
10/2/2024 16:30:13,1.16.3,FR1,0,4.11,nan,1,Left,Left,133,85,108,0,nan,nan,0.24
10/2/2024 16:30:15,1.16.3,FR1,0,4.11,1,1,Pellet,Left,133,85,109,0,1.40,21,nan
10/2/2024 16:30:43,1.16.3,FR1,0,4.11,nan,1,Left,Left,134,85,109,0,nan,nan,0.23
10/2/2024 16:30:44,1.16.3,FR1,0,4.11,1,1,Pellet,Left,134,85,110,0,0.85,29,nan
10/2/2024 16:31:07,1.16.3,FR1,0,4.11,nan,1,Left,Left,135,85,110,0,nan,nan,0.18
10/2/2024 16:31:09,1.16.3,FR1,0,4.11,1,1,Pellet,Left,135,85,111,0,1.22,25,nan
10/2/2024 16:31:35,1.16.3,FR1,0,4.11,nan,1,Left,Left,136,85,111,0,nan,nan,0.01
10/2/2024 16:31:52,1.16.3,FR1,0,4.11,1,1,Pellet,Left,136,85,112,0,15.70,43,nan
10/2/2024 17:23:35,1.16.3,FR1,0,4.11,nan,1,Left,Left,137,85,112,0,nan,nan,0.12
10/2/2024 17:23:37,1.16.3,FR1,0,4.11,1,1,Pellet,Left,137,85,113,0,1.77,3105,nan
10/2/2024 17:23:57,1.16.3,FR1,0,4.11,nan,1,Right,Left,137,86,113,0,nan,nan,0.11
10/2/2024 17:24:01,1.16.3,FR1,0,4.11,nan,1,Left,Left,138,86,113,0,nan,nan,0.17
10/2/2024 17:24:03,1.16.3,FR1,0,4.11,1,1,Pellet,Left,138,86,114,0,1.03,26,nan
10/2/2024 17:24:26,1.16.3,FR1,0,4.11,nan,1,Left,Left,139,86,114,0,nan,nan,0.33
10/2/2024 17:24:27,1.16.3,FR1,0,4.11,1,1,Pellet,Left,139,86,115,0,0.67,24,nan
10/2/2024 17:24:56,1.16.3,FR1,0,4.11,nan,1,Left,Left,140,86,115,0,nan,nan,0.40
10/2/2024 17:24:57,1.16.3,FR1,0,4.11,1,1,Pellet,Left,140,86,116,0,0.55,30,nan
10/2/2024 17:25:16,1.16.3,FR1,0,4.11,nan,1,Left,Left,141,86,116,0,nan,nan,0.13
10/2/2024 17:25:18,1.16.3,FR1,0,4.11,1,1,Pellet,Left,141,86,117,0,0.85,21,nan
10/2/2024 17:25:38,1.16.3,FR1,0,4.11,nan,1,Left,Left,142,86,117,0,nan,nan,0.04
10/2/2024 17:25:40,1.16.3,FR1,0,4.11,1,1,Pellet,Left,142,86,118,0,1.09,22,nan
10/2/2024 17:26:20,1.16.3,FR1,0,4.11,nan,1,Left,Left,143,86,118,0,nan,nan,0.39
10/2/2024 17:26:22,1.16.3,FR1,0,4.11,1,1,Pellet,Left,143,86,119,0,0.97,42,nan
10/2/2024 17:27:08,1.16.3,FR1,0,4.11,nan,1,Left,Left,144,86,119,0,nan,nan,0.23
10/2/2024 17:27:10,1.16.3,FR1,0,4.11,1,1,Pellet,Left,144,86,120,0,0.97,48,nan
10/2/2024 17:27:30,1.16.3,FR1,0,4.11,nan,1,Right,Left,144,87,120,0,nan,nan,0.49
10/2/2024 17:34:43,1.16.3,FR1,0,4.11,nan,1,Left,Left,145,87,120,0,nan,nan,0.04
10/2/2024 17:34:46,1.16.3,FR1,0,4.11,1,1,Pellet,Left,145,87,121,0,3.18,456,nan
10/2/2024 17:43:35,1.16.3,FR1,0,4.11,nan,1,Left,Left,146,87,121,0,nan,nan,0.00
10/2/2024 17:44:04,1.16.3,FR1,0,4.11,1,1,Pellet,Left,146,87,122,0,27.94,558,nan
10/2/2024 17:44:41,1.16.3,FR1,0,4.11,nan,1,Left,Left,147,87,122,0,nan,nan,0.03
10/2/2024 17:44:44,1.16.3,FR1,0,4.11,1,1,Pellet,Left,147,87,123,0,1.95,40,nan
10/2/2024 17:49:04,1.16.3,FR1,0,4.11,nan,1,Left,Left,148,87,123,0,nan,nan,0.00
10/2/2024 17:49:07,1.16.3,FR1,0,4.11,1,1,Pellet,Left,148,87,124,0,1.89,263,nan
10/2/2024 17:54:03,1.16.3,FR1,0,4.11,nan,1,Right,Left,148,88,124,0,nan,nan,0.27
10/2/2024 17:54:09,1.16.3,FR1,0,4.11,nan,1,Right,Left,148,89,124,0,nan,nan,0.44
10/2/2024 17:54:09,1.16.3,FR1,0,4.11,nan,1,Right,Left,148,90,124,0,nan,nan,0.07
10/2/2024 17:54:48,1.16.3,FR1,0,4.11,nan,1,Left,Left,149,90,124,0,nan,nan,0.37
10/2/2024 17:54:51,1.16.3,FR1,0,4.11,1,1,Pellet,Left,149,90,125,0,1.71,344,nan
10/2/2024 17:55:22,1.16.3,FR1,0,4.11,nan,1,Left,Left,150,90,125,0,nan,nan,0.37
10/2/2024 17:55:26,1.16.3,FR1,0,4.11,1,1,Pellet,Left,150,90,126,0,3.85,35,nan
10/2/2024 17:55:50,1.16.3,FR1,0,4.11,nan,1,Left,Left,151,90,126,0,nan,nan,0.02
10/2/2024 17:55:51,1.16.3,FR1,0,4.11,2,1,Pellet,Left,151,90,127,0,0.48,25,nan
10/2/2024 17:56:07,1.16.3,FR1,0,4.11,nan,1,Right,Left,151,91,127,0,nan,nan,0.11
10/2/2024 17:56:14,1.16.3,FR1,0,4.11,nan,1,Left,Left,152,91,127,0,nan,nan,0.36
10/2/2024 17:56:15,1.16.3,FR1,0,4.11,1,1,Pellet,Left,152,91,128,0,0.73,24,nan
10/2/2024 17:56:29,1.16.3,FR1,0,4.11,nan,1,Left,Left,153,91,128,0,nan,nan,0.22
10/2/2024 17:56:30,1.16.3,FR1,0,4.11,1,1,Pellet,Left,153,91,129,0,0.79,15,nan
10/2/2024 17:56:57,1.16.3,FR1,0,4.11,nan,1,Left,Left,154,91,129,0,nan,nan,0.16
10/2/2024 17:56:58,1.16.3,FR1,0,4.11,1,1,Pellet,Left,154,91,130,0,0.55,28,nan
10/2/2024 17:57:14,1.16.3,FR1,0,4.11,nan,1,Left,Left,155,91,130,0,nan,nan,0.18
10/2/2024 17:57:15,1.16.3,FR1,0,4.11,1,1,Pellet,Left,155,91,131,0,0.85,17,nan
10/2/2024 18:08:51,1.16.3,FR1,0,4.11,nan,1,Left,Left,156,91,131,0,nan,nan,0.40
10/2/2024 18:08:55,1.16.3,FR1,0,4.11,2,1,Pellet,Left,156,91,132,0,0.85,700,nan
10/2/2024 18:09:48,1.16.3,FR1,0,4.11,nan,1,Left,Left,157,91,132,0,nan,nan,0.10
10/2/2024 18:09:49,1.16.3,FR1,0,4.11,1,1,Pellet,Left,157,91,133,0,0.91,54,nan
10/2/2024 18:10:11,1.16.3,FR1,0,4.10,nan,1,Left,Left,158,91,133,0,nan,nan,0.20
10/2/2024 18:10:13,1.16.3,FR1,0,4.11,1,1,Pellet,Left,158,91,134,0,1.16,24,nan
10/2/2024 18:27:00,1.16.3,FR1,0,4.11,nan,1,Left,Left,159,91,134,0,nan,nan,0.26
10/2/2024 18:27:01,1.16.3,FR1,0,4.11,1,1,Pellet,Left,159,91,135,0,0.60,1008,nan
10/2/2024 18:27:23,1.16.3,FR1,0,4.11,nan,1,Left,Left,160,91,135,0,nan,nan,0.11
10/2/2024 18:27:26,1.16.3,FR1,0,4.11,1,1,Pellet,Left,160,91,136,0,1.89,25,nan
10/2/2024 18:27:54,1.16.3,FR1,0,4.11,nan,1,Left,Left,161,91,136,0,nan,nan,0.25
10/2/2024 18:27:56,1.16.3,FR1,0,4.11,1,1,Pellet,Left,161,91,137,0,1.52,30,nan
10/2/2024 18:34:01,1.16.3,FR1,0,4.11,nan,1,Right,Left,161,92,137,0,nan,nan,0.46
10/2/2024 18:34:03,1.16.3,FR1,0,4.11,nan,1,Right,Left,161,93,137,0,nan,nan,1.05
10/2/2024 18:34:10,1.16.3,FR1,0,4.11,nan,1,Right,Left,161,94,137,0,nan,nan,0.08
10/2/2024 18:34:52,1.16.3,FR1,0,4.11,nan,1,Left,Left,162,94,137,0,nan,nan,0.21
10/2/2024 18:35:50,1.16.3,FR1,0,4.10,1,1,Pellet,Left,162,94,138,0,57.20,474,nan
10/2/2024 18:36:38,1.16.3,FR1,0,4.11,nan,1,Left,Left,163,94,138,0,nan,nan,0.02
10/2/2024 18:36:40,1.16.3,FR1,0,4.11,1,1,Pellet,Left,163,94,139,0,0.97,50,nan
10/2/2024 18:40:30,1.16.3,FR1,0,4.11,nan,1,Left,Left,164,94,139,0,nan,nan,0.19
10/2/2024 18:40:32,1.16.3,FR1,0,4.10,1,1,Pellet,Left,164,94,140,0,1.22,232,nan
10/2/2024 18:50:16,1.16.3,FR1,0,4.10,nan,1,Right,Left,164,95,140,0,nan,nan,0.02
10/2/2024 18:57:35,1.16.3,FR1,0,4.11,nan,1,Left,Left,165,95,140,0,nan,nan,0.30
10/2/2024 18:57:37,1.16.3,FR1,0,4.10,1,1,Pellet,Left,165,95,141,0,1.28,1025,nan
10/2/2024 18:57:52,1.16.3,FR1,0,4.10,nan,1,Left,Left,166,95,141,0,nan,nan,0.08
10/2/2024 18:57:53,1.16.3,FR1,0,4.11,nan,1,LeftDuringDispense,Left,167,95,141,0,nan,nan,0.07
10/2/2024 18:57:58,1.16.3,FR1,0,4.10,2,1,Pellet,Left,167,95,142,0,2.13,21,nan
10/2/2024 18:58:16,1.16.3,FR1,0,4.10,nan,1,Left,Left,168,95,142,0,nan,nan,0.32
10/2/2024 18:58:18,1.16.3,FR1,0,4.11,1,1,Pellet,Left,168,95,143,0,0.97,20,nan
10/2/2024 18:58:48,1.16.3,FR1,0,4.11,nan,1,Left,Left,169,95,143,0,nan,nan,0.21
10/2/2024 18:58:50,1.16.3,FR1,0,4.10,1,1,Pellet,Left,169,95,144,0,0.91,32,nan
10/2/2024 18:59:04,1.16.3,FR1,0,4.10,nan,1,Left,Left,170,95,144,0,nan,nan,0.20
10/2/2024 18:59:05,1.16.3,FR1,0,4.10,1,1,Pellet,Left,170,95,145,0,0.60,15,nan
10/2/2024 18:59:28,1.16.3,FR1,0,4.10,nan,1,Left,Left,171,95,145,0,nan,nan,0.20
10/2/2024 18:59:29,1.16.3,FR1,0,4.10,1,1,Pellet,Left,171,95,146,0,0.55,24,nan
10/2/2024 18:59:44,1.16.3,FR1,0,4.10,nan,1,Left,Left,172,95,146,0,nan,nan,0.19
10/2/2024 18:59:47,1.16.3,FR1,0,4.11,1,1,Pellet,Left,172,95,147,0,1.83,18,nan
10/2/2024 19:20:15,1.16.3,FR1,0,4.11,nan,1,Left,Left,173,95,147,0,nan,nan,0.12
10/2/2024 19:20:16,1.16.3,FR1,0,4.11,nan,1,LeftDuringDispense,Left,174,95,147,0,nan,nan,0.00
10/2/2024 19:20:19,1.16.3,FR1,0,4.10,2,1,Pellet,Left,174,95,148,0,0.61,1232,nan
10/2/2024 19:20:49,1.16.3,FR1,0,4.10,nan,1,Left,Left,175,95,148,0,nan,nan,0.22
10/2/2024 19:20:52,1.16.3,FR1,0,4.10,1,1,Pellet,Left,175,95,149,0,1.77,33,nan
10/2/2024 19:21:16,1.16.3,FR1,0,4.11,nan,1,Left,Left,176,95,149,0,nan,nan,0.00
10/2/2024 19:21:18,1.16.3,FR1,0,4.11,1,1,Pellet,Left,176,95,150,0,1.15,26,nan
10/2/2024 19:21:40,1.16.3,FR1,0,4.10,nan,1,Left,Left,177,95,150,0,nan,nan,0.47
10/2/2024 19:21:43,1.16.3,FR1,0,4.10,1,1,Pellet,Left,177,95,151,0,2.62,25,nan
10/2/2024 19:25:49,1.16.3,FR1,0,4.10,nan,1,Right,Left,177,96,151,0,nan,nan,0.01
10/2/2024 19:41:37,1.16.3,FR1,0,4.10,nan,1,Left,Left,178,96,151,0,nan,nan,0.25
10/2/2024 19:41:44,1.16.3,FR1,0,4.10,1,1,Pellet,Left,178,96,152,0,6.12,1201,nan
10/2/2024 19:42:10,1.16.3,FR1,0,4.10,nan,1,Left,Left,179,96,152,0,nan,nan,0.50
10/2/2024 19:42:12,1.16.3,FR1,0,4.10,1,1,Pellet,Left,179,96,153,0,1.16,27,nan
10/2/2024 19:42:28,1.16.3,FR1,0,4.10,nan,1,Left,Left,180,96,153,0,nan,nan,0.02
10/2/2024 19:42:29,1.16.3,FR1,0,4.11,1,1,Pellet,Left,180,96,154,0,1.16,18,nan
10/2/2024 19:42:58,1.16.3,FR1,0,4.10,nan,1,Left,Left,181,96,154,0,nan,nan,0.02
10/2/2024 19:43:00,1.16.3,FR1,0,4.10,1,1,Pellet,Left,181,96,155,0,1.46,31,nan
10/2/2024 19:43:18,1.16.3,FR1,0,4.10,nan,1,Left,Left,182,96,155,0,nan,nan,0.25
10/2/2024 19:43:19,1.16.3,FR1,0,4.10,1,1,Pellet,Left,182,96,156,0,0.79,19,nan
10/2/2024 19:43:41,1.16.3,FR1,0,4.10,nan,1,Left,Left,183,96,156,0,nan,nan,0.19
10/2/2024 19:43:45,1.16.3,FR1,0,4.10,2,1,Pellet,Left,183,96,157,0,0.97,26,nan
10/2/2024 19:44:10,1.16.3,FR1,0,4.10,nan,1,Left,Left,184,96,157,0,nan,nan,0.39
10/2/2024 19:44:12,1.16.3,FR1,0,4.10,1,1,Pellet,Left,184,96,158,0,1.03,27,nan
10/2/2024 20:14:04,1.16.3,FR1,0,4.10,nan,1,Right,Left,184,97,158,0,nan,nan,0.09
10/2/2024 20:14:55,1.16.3,FR1,0,4.10,nan,1,Left,Left,185,97,158,0,nan,nan,0.41
10/2/2024 20:14:56,1.16.3,FR1,0,4.10,1,1,Pellet,Left,185,97,159,0,1.03,1844,nan
10/2/2024 20:17:39,1.16.3,FR1,0,4.10,nan,1,Left,Left,186,97,159,0,nan,nan,0.09
10/2/2024 20:19:31,1.16.3,FR1,0,4.10,1,1,Pellet,Left,186,97,160,0,Timed_out,274,nan
10/2/2024 20:19:55,1.16.3,FR1,0,4.10,nan,1,Left,Left,187,97,160,0,nan,nan,0.23
10/2/2024 20:19:57,1.16.3,FR1,0,4.11,1,1,Pellet,Left,187,97,161,0,1.46,27,nan
10/2/2024 21:26:18,1.16.3,FR1,0,4.10,nan,1,Left,Left,188,97,161,0,nan,nan,0.38
10/2/2024 21:26:21,1.16.3,FR1,0,4.10,1,1,Pellet,Left,188,97,162,0,2.63,3984,nan
10/2/2024 21:26:34,1.16.3,FR1,0,4.10,nan,1,Left,Left,189,97,162,0,nan,nan,0.26
10/2/2024 21:26:37,1.16.3,FR1,0,4.10,1,1,Pellet,Left,189,97,163,0,1.89,16,nan
10/2/2024 21:27:04,1.16.3,FR1,0,4.10,nan,1,Left,Left,190,97,163,0,nan,nan,0.26
10/2/2024 21:27:06,1.16.3,FR1,0,4.10,1,1,Pellet,Left,190,97,164,0,1.83,29,nan
10/2/2024 21:27:26,1.16.3,FR1,0,4.10,nan,1,Left,Left,191,97,164,0,nan,nan,0.38
10/2/2024 21:27:29,1.16.3,FR1,0,4.10,1,1,Pellet,Left,191,97,165,0,2.07,23,nan
10/2/2024 21:27:51,1.16.3,FR1,0,4.09,nan,1,Left,Left,192,97,165,0,nan,nan,0.18
10/2/2024 21:27:55,1.16.3,FR1,0,4.10,1,1,Pellet,Left,192,97,166,0,3.24,26,nan
10/2/2024 21:28:11,1.16.3,FR1,0,4.09,nan,1,Left,Left,193,97,166,0,nan,nan,0.28
10/2/2024 21:28:17,1.16.3,FR1,0,4.10,1,1,Pellet,Left,193,97,167,0,5.20,22,nan
10/2/2024 21:28:42,1.16.3,FR1,0,4.10,nan,1,Left,Left,194,97,167,0,nan,nan,0.17
10/2/2024 21:28:44,1.16.3,FR1,0,4.10,1,1,Pellet,Left,194,97,168,0,1.28,27,nan
10/2/2024 21:29:01,1.16.3,FR1,0,4.10,nan,1,Left,Left,195,97,168,0,nan,nan,0.24
10/2/2024 21:29:03,1.16.3,FR1,0,4.10,1,1,Pellet,Left,195,97,169,0,2.01,19,nan
10/2/2024 21:29:26,1.16.3,FR1,0,4.10,nan,1,Left,Left,196,97,169,0,nan,nan,0.15
10/2/2024 21:29:26,1.16.3,FR1,0,4.10,nan,1,LeftDuringDispense,Left,197,97,169,0,nan,nan,0.04
10/2/2024 21:29:30,1.16.3,FR1,0,4.10,2,1,Pellet,Left,197,97,170,0,0.79,27,nan
10/2/2024 21:29:48,1.16.3,FR1,0,4.10,nan,1,Left,Left,198,97,170,0,nan,nan,0.33
10/2/2024 21:29:50,1.16.3,FR1,0,4.10,1,1,Pellet,Left,198,97,171,0,1.52,20,nan
10/2/2024 21:30:14,1.16.3,FR1,0,4.10,nan,1,Left,Left,199,97,171,0,nan,nan,0.39
10/2/2024 21:30:16,1.16.3,FR1,0,4.09,1,1,Pellet,Left,199,97,172,0,2.01,26,nan
10/2/2024 21:30:37,1.16.3,FR1,0,4.10,nan,1,Left,Left,200,97,172,0,nan,nan,0.29
10/2/2024 21:30:38,1.16.3,FR1,0,4.09,1,1,Pellet,Left,200,97,173,0,0.55,22,nan
10/2/2024 21:31:00,1.16.3,FR1,0,4.09,nan,1,Left,Left,201,97,173,0,nan,nan,0.27
10/2/2024 21:31:02,1.16.3,FR1,0,4.09,1,1,Pellet,Left,201,97,174,0,1.22,24,nan
10/2/2024 22:13:35,1.16.3,FR1,0,4.09,nan,1,Left,Left,202,97,174,0,nan,nan,0.22
10/2/2024 22:13:38,1.16.3,FR1,0,4.09,1,1,Pellet,Left,202,97,175,0,3.18,2556,nan
10/2/2024 22:13:58,1.16.3,FR1,0,4.10,nan,1,Left,Left,203,97,175,0,nan,nan,0.13
10/2/2024 22:14:00,1.16.3,FR1,0,4.10,1,1,Pellet,Left,203,97,176,0,0.97,22,nan
10/2/2024 22:52:54,1.16.3,FR1,0,4.09,nan,1,Left,Left,204,97,176,0,nan,nan,0.18
10/2/2024 22:52:56,1.16.3,FR1,0,4.09,1,1,Pellet,Left,204,97,177,0,1.52,2336,nan
10/2/2024 22:53:23,1.16.3,FR1,0,4.09,nan,1,Left,Left,205,97,177,0,nan,nan,0.05
10/2/2024 22:53:25,1.16.3,FR1,0,4.09,1,1,Pellet,Left,205,97,178,0,1.28,29,nan
10/2/2024 22:53:41,1.16.3,FR1,0,4.10,nan,1,Left,Left,206,97,178,0,nan,nan,0.21
10/2/2024 22:53:43,1.16.3,FR1,0,4.10,1,1,Pellet,Left,206,97,179,0,0.85,18,nan
10/2/2024 22:54:02,1.16.3,FR1,0,4.09,nan,1,Left,Left,207,97,179,0,nan,nan,0.22
10/2/2024 22:54:03,1.16.3,FR1,0,4.10,1,1,Pellet,Left,207,97,180,0,0.97,20,nan
10/2/2024 22:54:24,1.16.3,FR1,0,4.09,nan,1,Left,Left,208,97,180,0,nan,nan,0.29
10/2/2024 22:54:26,1.16.3,FR1,0,4.09,1,1,Pellet,Left,208,97,181,0,0.79,23,nan
10/2/2024 22:54:55,1.16.3,FR1,0,4.09,nan,1,Left,Left,209,97,181,0,nan,nan,0.39
10/2/2024 22:54:57,1.16.3,FR1,0,4.09,1,1,Pellet,Left,209,97,182,0,0.61,31,nan
10/2/2024 22:55:20,1.16.3,FR1,0,4.09,nan,1,Left,Left,210,97,182,0,nan,nan,0.09
10/2/2024 22:55:23,1.16.3,FR1,0,4.09,1,1,Pellet,Left,210,97,183,0,1.58,26,nan
10/2/2024 23:11:26,1.16.3,FR1,0,4.09,nan,1,Left,Left,211,97,183,0,nan,nan,0.09
10/2/2024 23:14:28,1.16.3,FR1,0,4.09,1,1,Pellet,Left,211,97,184,0,Timed_out,1145,nan
10/2/2024 23:22:24,1.16.3,FR1,0,4.09,nan,1,Right,Left,211,98,184,0,nan,nan,0.28
10/2/2024 23:22:26,1.16.3,FR1,0,4.09,nan,1,Right,Left,211,99,184,0,nan,nan,0.20
10/2/2024 23:22:32,1.16.3,FR1,0,4.09,nan,1,Right,Left,211,100,184,0,nan,nan,0.07
10/2/2024 23:22:37,1.16.3,FR1,0,4.09,nan,1,Left,Left,212,100,184,0,nan,nan,0.29
10/2/2024 23:22:39,1.16.3,FR1,0,4.09,1,1,Pellet,Left,212,100,185,0,0.73,491,nan
10/2/2024 23:23:03,1.16.3,FR1,0,4.09,nan,1,Left,Left,213,100,185,0,nan,nan,0.04
10/2/2024 23:23:04,1.16.3,FR1,0,4.09,1,1,Pellet,Left,213,100,186,0,0.67,25,nan
10/2/2024 23:23:31,1.16.3,FR1,0,4.09,nan,1,Left,Left,214,100,186,0,nan,nan,0.00
10/2/2024 23:23:33,1.16.3,FR1,0,4.09,2,1,Pellet,Left,214,100,187,0,0.97,29,nan
10/2/2024 23:41:43,1.16.3,FR1,0,4.09,nan,1,Right,Left,214,101,187,0,nan,nan,0.56
10/2/2024 23:42:10,1.16.3,FR1,0,4.09,nan,1,Right,Left,214,102,187,0,nan,nan,0.28
10/2/2024 23:42:11,1.16.3,FR1,0,4.09,nan,1,Left,Left,215,102,187,0,nan,nan,0.03
10/2/2024 23:42:12,1.16.3,FR1,0,4.09,nan,1,LeftDuringDispense,Left,216,102,187,0,nan,nan,0.06
10/2/2024 23:42:22,1.16.3,FR1,0,4.09,nan,1,LeftWithPellet,Left,217,102,187,0,nan,nan,0.12
10/2/2024 23:43:08,1.16.3,FR1,0,4.09,nan,1,RightWithPellet,Left,217,103,187,0,nan,nan,0.33
10/2/2024 23:43:27,1.16.3,FR1,0,4.09,nan,1,RightWithPellet,Left,217,104,187,0,nan,nan,0.06
10/2/2024 23:45:25,1.16.3,FR1,0,4.09,nan,1,RightWithPellet,Left,217,105,187,0,nan,nan,0.59
10/2/2024 23:45:26,1.16.3,FR1,0,4.09,nan,1,LeftWithPellet,Left,218,105,187,0,nan,nan,0.10
10/2/2024 23:46:01,1.16.3,FR1,0,4.09,nan,1,LeftWithPellet,Left,219,105,187,0,nan,nan,0.07
10/2/2024 23:47:03,1.16.3,FR1,0,4.09,nan,1,RightWithPellet,Left,219,106,187,0,nan,nan,0.73
10/2/2024 23:47:05,1.16.3,FR1,0,4.09,2,1,Pellet,Left,219,106,188,0,Timed_out,1411,nan
10/2/2024 23:47:31,1.16.3,FR1,0,4.09,nan,1,Right,Left,219,107,188,0,nan,nan,0.26
10/2/2024 23:47:51,1.16.3,FR1,0,4.09,nan,1,Right,Left,219,108,188,0,nan,nan,0.11
10/2/2024 23:47:57,1.16.3,FR1,0,4.09,nan,1,Right,Left,219,109,188,0,nan,nan,0.00
10/2/2024 23:48:45,1.16.3,FR1,0,4.09,nan,1,Left,Left,220,109,188,0,nan,nan,0.30
10/2/2024 23:51:51,1.16.3,FR1,0,4.09,nan,1,RightWithPellet,Left,220,110,188,0,nan,nan,0.20
10/2/2024 23:56:29,1.16.3,FR1,0,4.09,nan,1,LeftWithPellet,Left,221,110,188,0,nan,nan,0.59
10/2/2024 23:57:09,1.16.3,FR1,0,4.09,nan,1,RightWithPellet,Left,221,111,188,0,nan,nan,0.23
10/3/2024 0:02:40,1.16.3,FR1,0,4.09,nan,1,LeftWithPellet,Left,222,111,188,0,nan,nan,0.45
10/3/2024 0:06:02,1.16.3,FR1,0,4.09,1,1,Pellet,Left,222,111,189,0,Timed_out,1138,nan
10/3/2024 0:07:16,1.16.3,FR1,0,4.09,nan,1,Left,Left,223,111,189,0,nan,nan,0.37
10/3/2024 0:07:17,1.16.3,FR1,0,4.09,1,1,Pellet,Left,223,111,190,0,0.60,75,nan
10/3/2024 0:12:30,1.16.3,FR1,0,4.09,nan,1,Right,Left,223,112,190,0,nan,nan,0.54
10/3/2024 0:12:46,1.16.3,FR1,0,4.09,nan,1,Left,Left,224,112,190,0,nan,nan,0.65
10/3/2024 0:12:58,1.16.3,FR1,0,4.09,1,1,Pellet,Left,224,112,191,0,11.83,341,nan
10/3/2024 1:14:18,1.16.3,FR1,0,4.09,nan,1,Left,Left,225,112,191,0,nan,nan,0.35
10/3/2024 1:14:20,1.16.3,FR1,0,4.09,1,1,Pellet,Left,225,112,192,0,1.16,3682,nan
10/3/2024 1:34:23,1.16.3,FR1,0,4.09,nan,1,Left,Left,226,112,192,0,nan,nan,0.23
10/3/2024 1:34:26,1.16.3,FR1,0,4.09,1,1,Pellet,Left,226,112,193,0,1.34,1206,nan
10/3/2024 1:34:55,1.16.3,FR1,0,4.08,nan,1,Left,Left,227,112,193,0,nan,nan,0.30
10/3/2024 1:35:00,1.16.3,FR1,0,4.09,1,1,Pellet,Left,227,112,194,0,3.98,34,nan
10/3/2024 1:35:19,1.16.3,FR1,0,4.09,nan,1,Left,Left,228,112,194,0,nan,nan,0.34
10/3/2024 1:35:20,1.16.3,FR1,0,4.09,1,1,Pellet,Left,228,112,195,0,0.73,20,nan
10/3/2024 1:35:40,1.16.3,FR1,0,4.09,nan,1,Left,Left,229,112,195,0,nan,nan,0.32
10/3/2024 1:35:41,1.16.3,FR1,0,4.09,1,1,Pellet,Left,229,112,196,0,0.85,21,nan
10/3/2024 1:36:13,1.16.3,FR1,0,4.09,nan,1,Left,Left,230,112,196,0,nan,nan,0.33
10/3/2024 1:36:15,1.16.3,FR1,0,4.09,1,1,Pellet,Left,230,112,197,0,0.97,34,nan
10/3/2024 1:36:38,1.16.3,FR1,0,4.09,nan,1,Left,Left,231,112,197,0,nan,nan,0.27
10/3/2024 1:36:41,1.16.3,FR1,0,4.09,1,1,Pellet,Left,231,112,198,0,1.52,26,nan
10/3/2024 1:37:27,1.16.3,FR1,0,4.09,nan,1,Left,Left,232,112,198,0,nan,nan,0.36
10/3/2024 1:37:30,1.16.3,FR1,0,4.09,1,1,Pellet,Left,232,112,199,0,2.01,49,nan
10/3/2024 1:37:50,1.16.3,FR1,0,4.09,nan,1,Left,Left,233,112,199,0,nan,nan,0.24
10/3/2024 1:37:52,1.16.3,FR1,0,4.09,1,1,Pellet,Left,233,112,200,0,0.85,22,nan
10/3/2024 2:59:34,1.16.3,FR1,0,4.08,nan,1,Right,Left,233,113,200,0,nan,nan,0.33
10/3/2024 3:00:10,1.16.3,FR1,0,4.08,nan,1,Left,Left,234,113,200,0,nan,nan,0.32
10/3/2024 3:00:12,1.16.3,FR1,0,4.09,1,1,Pellet,Left,234,113,201,0,1.22,4940,nan
10/3/2024 3:00:37,1.16.3,FR1,0,4.09,nan,1,Left,Left,235,113,201,0,nan,nan,0.11
10/3/2024 3:00:40,1.16.3,FR1,0,4.09,1,1,Pellet,Left,235,113,202,0,1.83,28,nan
10/3/2024 3:01:04,1.16.3,FR1,0,4.08,nan,1,Left,Left,236,113,202,0,nan,nan,0.22
10/3/2024 3:01:07,1.16.3,FR1,0,4.09,1,1,Pellet,Left,236,113,203,0,2.32,27,nan
10/3/2024 3:01:35,1.16.3,FR1,0,4.08,nan,1,Left,Left,237,113,203,0,nan,nan,0.09
10/3/2024 3:01:38,1.16.3,FR1,0,4.08,1,1,Pellet,Left,237,113,204,0,1.77,31,nan
10/3/2024 3:04:18,1.16.3,FR1,0,4.08,nan,1,Right,Left,237,114,204,0,nan,nan,0.58
10/3/2024 3:46:17,1.16.3,FR1,0,4.09,nan,1,Left,Left,238,114,204,0,nan,nan,0.25
10/3/2024 3:46:21,1.16.3,FR1,0,4.08,1,1,Pellet,Left,238,114,205,0,3.24,2683,nan
10/3/2024 3:46:46,1.16.3,FR1,0,4.09,nan,1,Left,Left,239,114,205,0,nan,nan,0.22
10/3/2024 3:46:48,1.16.3,FR1,0,4.07,1,1,Pellet,Left,239,114,206,0,1.52,27,nan
10/3/2024 4:42:32,1.16.3,FR1,0,4.07,nan,1,Left,Left,240,114,206,0,nan,nan,0.14
10/3/2024 4:42:34,1.16.3,FR1,0,4.08,1,1,Pellet,Left,240,114,207,0,1.52,3346,nan
10/3/2024 4:43:08,1.16.3,FR1,0,4.08,nan,1,Left,Left,241,114,207,0,nan,nan,0.17
10/3/2024 4:43:10,1.16.3,FR1,0,4.08,1,1,Pellet,Left,241,114,208,0,1.64,36,nan
10/3/2024 4:43:39,1.16.3,FR1,0,4.07,nan,1,Left,Left,242,114,208,0,nan,nan,0.50
10/3/2024 4:43:41,1.16.3,FR1,0,4.08,1,1,Pellet,Left,242,114,209,0,0.97,31,nan
10/3/2024 4:44:00,1.16.3,FR1,0,4.07,nan,1,Left,Left,243,114,209,0,nan,nan,0.37
10/3/2024 4:44:01,1.16.3,FR1,0,4.08,1,1,Pellet,Left,243,114,210,0,0.73,20,nan
10/3/2024 4:44:27,1.16.3,FR1,0,4.08,nan,1,Left,Left,244,114,210,0,nan,nan,0.49
10/3/2024 4:44:29,1.16.3,FR1,0,4.08,1,1,Pellet,Left,244,114,211,0,0.73,28,nan
10/3/2024 4:44:54,1.16.3,FR1,0,4.08,nan,1,Left,Left,245,114,211,0,nan,nan,0.34
10/3/2024 4:44:56,1.16.3,FR1,0,4.08,1,1,Pellet,Left,245,114,212,0,0.79,27,nan
10/3/2024 4:45:21,1.16.3,FR1,0,4.08,nan,1,Left,Left,246,114,212,0,nan,nan,0.29
10/3/2024 4:45:25,1.16.3,FR1,0,4.08,2,1,Pellet,Left,246,114,213,0,1.16,29,nan
10/3/2024 4:45:47,1.16.3,FR1,0,4.08,nan,1,Left,Left,247,114,213,0,nan,nan,0.57
10/3/2024 4:45:49,1.16.3,FR1,0,4.08,1,1,Pellet,Left,247,114,214,0,0.91,24,nan
10/3/2024 4:46:15,1.16.3,FR1,0,4.08,nan,1,Left,Left,248,114,214,0,nan,nan,0.14
10/3/2024 4:46:16,1.16.3,FR1,0,4.08,1,1,Pellet,Left,248,114,215,0,0.67,27,nan
10/3/2024 4:46:46,1.16.3,FR1,0,4.07,nan,1,Left,Left,249,114,215,0,nan,nan,0.45
10/3/2024 4:46:48,1.16.3,FR1,0,4.08,1,1,Pellet,Left,249,114,216,0,0.73,32,nan
10/3/2024 6:17:12,1.16.3,FR1,0,4.07,nan,1,Left,Left,250,114,216,0,nan,nan,0.29
10/3/2024 6:17:18,1.16.3,FR1,0,4.08,1,1,Pellet,Left,250,114,217,0,5.57,5430,nan
10/3/2024 6:17:32,1.16.3,FR1,0,4.08,nan,1,Left,Left,251,114,217,0,nan,nan,0.07
10/3/2024 6:17:35,1.16.3,FR1,0,4.08,1,1,Pellet,Left,251,114,218,0,1.71,17,nan
10/3/2024 6:18:04,1.16.3,FR1,0,4.08,nan,1,Left,Left,252,114,218,0,nan,nan,0.35
10/3/2024 6:18:06,1.16.3,FR1,0,4.08,1,1,Pellet,Left,252,114,219,0,0.91,31,nan
10/3/2024 6:18:28,1.16.3,FR1,0,4.08,nan,1,Left,Left,253,114,219,0,nan,nan,0.26
10/3/2024 6:18:30,1.16.3,FR1,0,4.07,1,1,Pellet,Left,253,114,220,0,0.67,24,nan
10/3/2024 6:19:01,1.16.3,FR1,0,4.07,nan,1,Left,Left,254,114,220,0,nan,nan,0.05
10/3/2024 6:19:09,1.16.3,FR1,0,4.07,1,1,Pellet,Left,254,114,221,0,7.11,39,nan
10/3/2024 6:19:31,1.16.3,FR1,0,4.07,nan,1,Left,Left,255,114,221,0,nan,nan,0.32
10/3/2024 6:19:33,1.16.3,FR1,0,4.07,1,1,Pellet,Left,255,114,222,0,1.28,24,nan
10/3/2024 6:20:06,1.16.3,FR1,0,4.07,nan,1,Left,Left,256,114,222,0,nan,nan,0.02
10/3/2024 6:20:08,1.16.3,FR1,0,4.07,1,1,Pellet,Left,256,114,223,0,0.79,35,nan
10/3/2024 6:21:15,1.16.3,FR1,0,4.08,nan,1,Right,Left,256,115,223,0,nan,nan,0.55
10/3/2024 6:21:37,1.16.3,FR1,0,4.08,nan,1,Right,Left,256,116,223,0,nan,nan,0.02
10/3/2024 7:23:05,1.16.3,FR1,0,4.07,nan,1,Left,Left,257,116,223,0,nan,nan,0.35
10/3/2024 7:23:07,1.16.3,FR1,0,4.08,nan,1,LeftWithPellet,Left,258,116,223,0,nan,nan,0.16
10/3/2024 7:23:10,1.16.3,FR1,0,4.07,nan,1,RightWithPellet,Left,258,117,223,0,nan,nan,0.25
10/3/2024 7:23:12,1.16.3,FR1,0,4.07,nan,1,LeftWithPellet,Left,259,117,223,0,nan,nan,0.18
10/3/2024 7:23:16,1.16.3,FR1,0,4.07,nan,1,LeftWithPellet,Left,260,117,223,0,nan,nan,0.12
10/3/2024 7:23:22,1.16.3,FR1,0,4.08,nan,1,RightWithPellet,Left,260,118,223,0,nan,nan,0.16
10/3/2024 7:23:25,1.16.3,FR1,0,4.07,nan,1,LeftWithPellet,Left,261,118,223,0,nan,nan,0.14
10/3/2024 7:24:22,1.16.3,FR1,0,4.07,nan,1,RightWithPellet,Left,261,119,223,0,nan,nan,0.54
10/3/2024 7:24:23,1.16.3,FR1,0,4.07,nan,1,LeftWithPellet,Left,262,119,223,0,nan,nan,0.19
10/3/2024 7:25:20,1.16.3,FR1,0,4.07,nan,1,RightWithPellet,Left,262,120,223,0,nan,nan,0.12
10/3/2024 7:26:15,1.16.3,FR1,0,4.07,nan,1,LeftWithPellet,Left,263,120,223,0,nan,nan,0.03
10/3/2024 7:26:16,1.16.3,FR1,0,4.07,1,1,Pellet,Left,263,120,224,0,Timed_out,3968,nan
10/3/2024 7:27:06,1.16.3,FR1,0,4.07,nan,1,Right,Left,263,121,224,0,nan,nan,0.43
10/3/2024 7:27:55,1.16.3,FR1,0,4.07,nan,1,Left,Left,264,121,224,0,nan,nan,0.17
10/3/2024 7:27:59,1.16.3,FR1,0,4.07,2,1,Pellet,Left,264,121,225,0,1.16,103,nan
10/3/2024 7:29:47,1.16.3,FR1,0,4.07,nan,1,Right,Left,264,122,225,0,nan,nan,0.01
10/3/2024 7:29:56,1.16.3,FR1,0,4.07,nan,1,Left,Left,265,122,225,0,nan,nan,0.18
10/3/2024 7:29:58,1.16.3,FR1,0,4.07,1,1,Pellet,Left,265,122,226,0,1.22,119,nan
10/3/2024 8:17:32,1.16.3,FR1,0,4.07,nan,1,Left,Left,266,122,226,0,nan,nan,0.06
10/3/2024 8:17:34,1.16.3,FR1,0,4.07,1,1,Pellet,Left,266,122,227,0,1.16,2856,nan
10/3/2024 8:18:09,1.16.3,FR1,0,4.07,nan,1,Left,Left,267,122,227,0,nan,nan,0.34
10/3/2024 8:18:11,1.16.3,FR1,0,4.07,1,1,Pellet,Left,267,122,228,0,0.91,37,nan
10/3/2024 8:18:39,1.16.3,FR1,0,4.07,nan,1,Left,Left,268,122,228,0,nan,nan,0.27
10/3/2024 8:18:40,1.16.3,FR1,0,4.07,1,1,Pellet,Left,268,122,229,0,0.42,29,nan
10/3/2024 8:19:01,1.16.3,FR1,0,4.07,nan,1,Left,Left,269,122,229,0,nan,nan,0.21
10/3/2024 8:19:03,1.16.3,FR1,0,4.07,1,1,Pellet,Left,269,122,230,0,0.48,23,nan
10/3/2024 8:19:34,1.16.3,FR1,0,4.07,nan,1,Left,Left,270,122,230,0,nan,nan,0.21
10/3/2024 8:19:36,1.16.3,FR1,0,4.07,1,1,Pellet,Left,270,122,231,0,0.61,33,nan
10/3/2024 8:20:00,1.16.3,FR1,0,4.07,nan,1,Left,Left,271,122,231,0,nan,nan,0.00
10/3/2024 8:20:01,1.16.3,FR1,0,4.07,1,1,Pellet,Left,271,122,232,0,0.42,25,nan
10/3/2024 8:21:04,1.16.3,FR1,0,4.07,nan,1,Right,Left,271,123,232,0,nan,nan,0.36
10/3/2024 8:32:55,1.16.3,FR1,0,4.07,nan,1,Right,Left,271,124,232,0,nan,nan,0.14
10/3/2024 8:34:21,1.16.3,FR1,0,4.07,nan,1,Right,Left,271,125,232,0,nan,nan,0.09
10/3/2024 8:34:22,1.16.3,FR1,0,4.08,nan,1,Left,Left,272,125,232,0,nan,nan,0.13
10/3/2024 8:34:23,1.16.3,FR1,0,4.07,nan,1,LeftDuringDispense,Left,273,125,232,0,nan,nan,0.11
10/3/2024 8:34:29,1.16.3,FR1,0,4.07,2,1,Pellet,Left,273,125,233,0,3.31,868,nan
10/3/2024 8:35:30,1.16.3,FR1,0,4.07,nan,1,Left,Left,274,125,233,0,nan,nan,0.44
10/3/2024 9:01:21,1.16.3,FR1,0,4.07,nan,1,RightWithPellet,Left,274,126,233,0,nan,nan,0.21
10/3/2024 9:24:26,1.16.3,FR1,0,4.07,1,1,Pellet,Left,274,126,234,0,Timed_out,2997,nan
10/3/2024 9:24:57,1.16.3,FR1,0,4.07,nan,1,Left,Left,275,126,234,0,nan,nan,0.24
10/3/2024 9:24:59,1.16.3,FR1,0,4.07,1,1,Pellet,Left,275,126,235,0,0.85,33,nan
10/3/2024 9:25:25,1.16.3,FR1,0,4.07,nan,1,Left,Left,276,126,235,0,nan,nan,0.11
10/3/2024 9:25:27,1.16.3,FR1,0,4.07,1,1,Pellet,Left,276,126,236,0,0.67,28,nan
10/3/2024 9:25:53,1.16.3,FR1,0,4.07,nan,1,Left,Left,277,126,236,0,nan,nan,0.03
10/3/2024 9:25:55,1.16.3,FR1,0,4.07,1,1,Pellet,Left,277,126,237,0,0.73,28,nan
10/3/2024 9:26:14,1.16.3,FR1,0,4.07,nan,1,Left,Left,278,126,237,0,nan,nan,0.18
10/3/2024 9:26:15,1.16.3,FR1,0,4.07,1,1,Pellet,Left,278,126,238,0,0.48,20,nan
10/3/2024 9:26:37,1.16.3,FR1,0,4.07,nan,1,Left,Left,279,126,238,0,nan,nan,0.21
10/3/2024 9:26:38,1.16.3,FR1,0,4.07,1,1,Pellet,Left,279,126,239,0,0.55,23,nan
