MM:DD:YYYY hh:mm:ss,Library_Version,Session_type,Device_Number,Battery_Voltage,Motor_Turns,FR,Event,Active_Poke,Left_Poke_Count,Right_Poke_Count,Pellet_Count,Block_Pellet_Count,Retrieval_Time,InterPelletInterval,Poke_Time
9/1/2023 7:39:01,1.16.3,FR1,0,4.16,nan,1,Right,Left,0,1,0,0,nan,nan,0.09
9/1/2023 7:39:51,1.16.3,FR1,0,4.16,nan,1,Right,Left,0,2,0,0,nan,nan,0.13
9/1/2023 7:41:39,1.16.3,FR1,0,4.16,nan,1,Right,Left,0,3,0,0,nan,nan,0.20
9/1/2023 7:42:16,1.16.3,FR1,0,4.16,nan,1,Right,Left,0,4,0,0,nan,nan,0.09
9/1/2023 7:43:41,1.16.3,FR1,0,4.16,nan,1,Left,Left,1,4,0,0,nan,nan,0.46
9/1/2023 7:43:48,1.16.3,FR1,0,4.16,3,1,Pellet,Left,1,4,1,0,4.15,nan,nan
9/1/2023 7:47:20,1.16.3,FR1,0,4.16,nan,1,Right,Left,1,5,1,0,nan,nan,0.18
9/1/2023 7:47:29,1.16.3,FR1,0,4.16,nan,1,Left,Left,2,5,1,0,nan,nan,0.04
9/1/2023 7:47:48,1.16.3,FR1,0,4.16,2,1,Pellet,Left,2,5,2,0,17.96,240,nan
9/1/2023 7:48:16,1.16.3,FR1,0,4.16,nan,1,Left,Left,3,5,2,0,nan,nan,0.06
9/1/2023 7:48:36,1.16.3,FR1,0,4.16,2,1,Pellet,Left,3,5,3,0,19.44,48,nan
9/1/2023 7:49:50,1.16.3,FR1,0,4.16,nan,1,Left,Left,4,5,3,0,nan,nan,0.01
9/1/2023 7:50:00,1.16.3,FR1,0,4.16,2,1,Pellet,Left,4,5,4,0,8.63,84,nan
9/1/2023 7:50:45,1.16.3,FR1,0,4.16,nan,1,Right,Left,4,6,4,0,nan,nan,0.02
9/1/2023 7:51:29,1.16.3,FR1,0,4.16,nan,1,Left,Left,5,6,4,0,nan,nan,0.06
9/1/2023 7:51:48,1.16.3,FR1,0,4.16,1,1,Pellet,Left,5,6,5,0,18.82,108,nan
9/1/2023 7:53:22,1.16.3,FR1,0,4.16,nan,1,Left,Left,6,6,5,0,nan,nan,0.04
9/1/2023 7:53:35,1.16.3,FR1,0,4.16,1,1,Pellet,Left,6,6,6,0,11.70,107,nan
9/1/2023 7:55:18,1.16.3,FR1,0,4.16,nan,1,Left,Left,7,6,6,0,nan,nan,0.06
9/1/2023 7:55:20,1.16.3,FR1,0,4.16,1,1,Pellet,Left,7,6,7,0,1.58,105,nan
9/1/2023 7:56:00,1.16.3,FR1,0,4.16,nan,1,Right,Left,7,7,7,0,nan,nan,0.10
9/1/2023 8:00:06,1.16.3,FR1,0,4.16,nan,1,Left,Left,8,7,7,0,nan,nan,0.11
9/1/2023 8:00:16,1.16.3,FR1,0,4.16,1,1,Pellet,Left,8,7,8,0,9.00,296,nan
9/1/2023 8:05:58,1.16.3,FR1,0,4.16,nan,1,Right,Left,8,8,8,0,nan,nan,0.14
9/1/2023 8:20:34,1.16.3,FR1,0,4.16,nan,1,Left,Left,9,8,8,0,nan,nan,0.44
9/1/2023 8:20:36,1.16.3,FR1,0,4.16,1,1,Pellet,Left,9,8,9,0,1.40,1220,nan
9/1/2023 8:25:38,1.16.3,FR1,0,4.16,nan,1,Left,Left,10,8,9,0,nan,nan,0.25
9/1/2023 8:25:47,1.16.3,FR1,0,4.16,2,1,Pellet,Left,10,8,10,0,7.47,311,nan
9/1/2023 8:33:32,1.16.3,FR1,0,4.16,nan,1,Left,Left,11,8,10,0,nan,nan,0.36
9/1/2023 8:33:34,1.16.3,FR1,0,4.16,nan,1,LeftWithPellet,Left,12,8,10,0,nan,nan,0.14
9/1/2023 8:33:35,1.16.3,FR1,0,4.16,1,1,Pellet,Left,12,8,11,0,2.14,468,nan
9/1/2023 8:34:43,1.16.3,FR1,0,4.16,nan,1,Left,Left,13,8,11,0,nan,nan,0.16
9/1/2023 8:34:43,1.16.3,FR1,0,4.16,nan,1,LeftDuringDispense,Left,14,8,11,0,nan,nan,0.05
9/1/2023 8:35:07,1.16.3,FR1,0,4.16,2,1,Pellet,Left,14,8,12,0,20.18,91,nan
9/1/2023 8:36:22,1.16.3,FR1,0,4.16,nan,1,Left,Left,15,8,12,0,nan,nan,0.08
9/1/2023 8:36:26,1.16.3,FR1,0,4.16,1,1,Pellet,Left,15,8,13,0,3.24,80,nan
9/1/2023 8:38:43,1.16.3,FR1,0,4.16,nan,1,Left,Left,16,8,13,0,nan,nan,0.33
9/1/2023 8:38:46,1.16.3,FR1,0,4.16,1,1,Pellet,Left,16,8,14,0,1.83,140,nan
9/1/2023 8:39:24,1.16.3,FR1,0,4.16,nan,1,Left,Left,17,8,14,0,nan,nan,0.24
9/1/2023 8:39:27,1.16.3,FR1,0,4.16,2,1,Pellet,Left,17,8,15,0,1.95,41,nan
9/1/2023 8:41:02,1.16.3,FR1,0,4.16,nan,1,Right,Left,17,9,15,0,nan,nan,0.66
9/1/2023 8:41:04,1.16.3,FR1,0,4.16,nan,1,Right,Left,17,10,15,0,nan,nan,0.18
9/1/2023 8:41:07,1.16.3,FR1,0,4.16,nan,1,Right,Left,17,11,15,0,nan,nan,0.37
9/1/2023 8:41:10,1.16.3,FR1,0,4.16,nan,1,Right,Left,17,12,15,0,nan,nan,0.17
9/1/2023 8:41:18,1.16.3,FR1,0,4.16,nan,1,Left,Left,18,12,15,0,nan,nan,0.06
9/1/2023 8:41:20,1.16.3,FR1,0,4.15,1,1,Pellet,Left,18,12,16,0,1.34,113,nan
9/1/2023 8:41:41,1.16.3,FR1,0,4.16,nan,1,Left,Left,19,12,16,0,nan,nan,0.09
9/1/2023 8:41:43,1.16.3,FR1,0,4.16,1,1,Pellet,Left,19,12,17,0,0.85,23,nan
9/1/2023 8:42:18,1.16.3,FR1,0,4.16,nan,1,Left,Left,20,12,17,0,nan,nan,0.06
9/1/2023 8:42:22,1.16.3,FR1,0,4.16,nan,1,LeftWithPellet,Left,21,12,17,0,nan,nan,0.42
9/1/2023 8:42:24,1.16.3,FR1,0,4.16,2,1,Pellet,Left,21,12,18,0,2.97,41,nan
9/1/2023 8:43:08,1.16.3,FR1,0,4.16,nan,1,Left,Left,22,12,18,0,nan,nan,0.18
9/1/2023 8:43:10,1.16.3,FR1,0,4.15,1,1,Pellet,Left,22,12,19,0,1.28,46,nan
9/1/2023 8:43:32,1.16.3,FR1,0,4.16,nan,1,Right,Left,22,13,19,0,nan,nan,0.05
9/1/2023 8:43:49,1.16.3,FR1,0,4.16,nan,1,Left,Left,23,13,19,0,nan,nan,0.19
9/1/2023 8:43:50,1.16.3,FR1,0,4.16,nan,1,LeftWithPellet,Left,24,13,19,0,nan,nan,0.13
9/1/2023 8:43:52,1.16.3,FR1,0,4.16,1,1,Pellet,Left,24,13,20,0,2.25,42,nan
9/1/2023 8:44:20,1.16.3,FR1,0,4.16,nan,1,Left,Left,25,13,20,0,nan,nan,0.26
9/1/2023 8:44:22,1.16.3,FR1,0,4.16,1,1,Pellet,Left,25,13,21,0,1.58,30,nan
9/1/2023 8:44:41,1.16.3,FR1,0,4.14,nan,1,Left,Left,26,13,21,0,nan,nan,0.07
9/1/2023 8:44:43,1.16.3,FR1,0,4.14,nan,1,LeftWithPellet,Left,27,13,21,0,nan,nan,0.14
9/1/2023 8:44:44,1.16.3,FR1,0,4.16,2,1,Pellet,Left,27,13,22,0,1.52,22,nan
9/1/2023 8:45:01,1.16.3,FR1,0,4.16,nan,1,Left,Left,28,13,22,0,nan,nan,0.18
9/1/2023 8:45:05,1.16.3,FR1,0,4.16,2,1,Pellet,Left,28,13,23,0,1.34,21,nan
9/1/2023 8:45:31,1.16.3,FR1,0,4.16,nan,1,Left,Left,29,13,23,0,nan,nan,0.08
9/1/2023 8:45:36,1.16.3,FR1,0,4.16,1,1,Pellet,Left,29,13,24,0,3.55,31,nan
9/1/2023 8:45:56,1.16.3,FR1,0,4.16,nan,1,Left,Left,30,13,24,0,nan,nan,0.20
9/1/2023 8:45:59,1.16.3,FR1,0,4.16,1,1,Pellet,Left,30,13,25,0,2.69,23,nan
9/1/2023 8:46:25,1.16.3,FR1,0,4.15,nan,1,Left,Left,31,13,25,0,nan,nan,0.29
9/1/2023 8:46:28,1.16.3,FR1,0,4.16,1,1,Pellet,Left,31,13,26,0,2.01,29,nan
9/1/2023 8:47:58,1.16.3,FR1,0,4.16,nan,1,Left,Left,32,13,26,0,nan,nan,0.31
9/1/2023 8:48:01,1.16.3,FR1,0,4.15,1,1,Pellet,Left,32,13,27,0,1.34,93,nan
9/1/2023 8:49:23,1.16.3,FR1,0,4.16,nan,1,Left,Left,33,13,27,0,nan,nan,0.22
9/1/2023 8:49:27,1.16.3,FR1,0,4.16,1,1,Pellet,Left,33,13,28,0,3.24,86,nan
9/1/2023 8:50:21,1.16.3,FR1,0,4.16,nan,1,Left,Left,34,13,28,0,nan,nan,0.09
9/1/2023 8:50:22,1.16.3,FR1,0,4.15,nan,1,LeftDuringDispense,Left,35,13,28,0,nan,nan,0.17
9/1/2023 8:50:22,1.16.3,FR1,0,4.16,1,1,Pellet,Left,35,13,29,0,0.67,55,nan
9/1/2023 8:51:53,1.16.3,FR1,0,4.16,nan,1,Left,Left,36,13,29,0,nan,nan,0.15
9/1/2023 8:51:56,1.16.3,FR1,0,4.16,2,1,Pellet,Left,36,13,30,0,1.65,94,nan
9/1/2023 8:52:34,1.16.3,FR1,0,4.16,nan,1,Left,Left,37,13,30,0,nan,nan,0.04
9/1/2023 8:52:36,1.16.3,FR1,0,4.14,2,1,Pellet,Left,37,13,31,0,1.71,40,nan
9/1/2023 8:52:43,1.16.3,FR1,0,4.16,nan,1,Left,Left,38,13,31,0,nan,nan,0.12
9/1/2023 8:52:45,1.16.3,FR1,0,4.16,1,1,Pellet,Left,38,13,32,0,1.71,9,nan
9/1/2023 8:53:06,1.16.3,FR1,0,4.16,nan,1,Left,Left,39,13,32,0,nan,nan,0.20
9/1/2023 8:53:08,1.16.3,FR1,0,4.16,1,1,Pellet,Left,39,13,33,0,1.09,23,nan
9/1/2023 8:54:18,1.16.3,FR1,0,4.16,nan,1,Left,Left,40,13,33,0,nan,nan,0.09
9/1/2023 8:54:19,1.16.3,FR1,0,4.16,1,1,Pellet,Left,40,13,34,0,0.60,71,nan
9/1/2023 8:57:51,1.16.3,FR1,0,4.16,nan,1,Left,Left,41,13,34,0,nan,nan,0.11
9/1/2023 8:57:54,1.16.3,FR1,0,4.16,1,1,Pellet,Left,41,13,35,0,1.95,215,nan
9/1/2023 8:59:51,1.16.3,FR1,0,4.15,nan,1,Left,Left,42,13,35,0,nan,nan,0.03
9/1/2023 8:59:53,1.16.3,FR1,0,4.16,1,1,Pellet,Left,42,13,36,0,1.40,119,nan
9/1/2023 9:00:50,1.16.3,FR1,0,4.14,nan,1,Left,Left,43,13,36,0,nan,nan,0.20
9/1/2023 9:00:53,1.16.3,FR1,0,4.16,1,1,Pellet,Left,43,13,37,0,2.20,60,nan
9/1/2023 9:04:12,1.16.3,FR1,0,4.15,nan,1,Right,Left,43,14,37,0,nan,nan,0.08
9/1/2023 9:05:29,1.16.3,FR1,0,4.16,nan,1,Left,Left,44,14,37,0,nan,nan,0.12
9/1/2023 9:05:30,1.16.3,FR1,0,4.16,1,1,Pellet,Left,44,14,38,0,0.79,277,nan
9/1/2023 9:07:58,1.16.3,FR1,0,4.16,nan,1,Left,Left,45,14,38,0,nan,nan,0.11
9/1/2023 9:08:00,1.16.3,FR1,0,4.16,nan,1,LeftWithPellet,Left,46,14,38,0,nan,nan,0.02
9/1/2023 9:08:01,1.16.3,FR1,0,4.15,1,1,Pellet,Left,46,14,39,0,1.65,151,nan
9/1/2023 9:08:11,1.16.3,FR1,0,4.16,nan,1,Left,Left,47,14,39,0,nan,nan,0.06
9/1/2023 9:08:17,1.16.3,FR1,0,4.16,3,1,Pellet,Left,47,14,40,0,0.85,16,nan
9/1/2023 9:09:43,1.16.3,FR1,0,4.16,nan,1,Left,Left,48,14,40,0,nan,nan,0.08
9/1/2023 9:09:44,1.16.3,FR1,0,4.16,1,1,Pellet,Left,48,14,41,0,0.67,87,nan
9/1/2023 9:13:15,1.16.3,FR1,0,4.16,nan,1,Left,Left,49,14,41,0,nan,nan,0.16
9/1/2023 9:13:17,1.16.3,FR1,0,4.16,1,1,Pellet,Left,49,14,42,0,0.67,213,nan
9/1/2023 9:16:06,1.16.3,FR1,0,4.16,nan,1,Left,Left,50,14,42,0,nan,nan,0.21
9/1/2023 9:16:08,1.16.3,FR1,0,4.16,2,1,Pellet,Left,50,14,43,0,0.85,170,nan
9/1/2023 9:22:20,1.16.3,FR1,0,4.16,nan,1,Right,Left,50,15,43,0,nan,nan,0.10
9/1/2023 9:22:22,1.16.3,FR1,0,4.15,nan,1,Right,Left,50,16,43,0,nan,nan,0.27
9/1/2023 9:22:26,1.16.3,FR1,0,4.16,nan,1,Right,Left,50,17,43,0,nan,nan,0.43
9/1/2023 9:22:28,1.16.3,FR1,0,4.14,nan,1,Right,Left,50,18,43,0,nan,nan,0.05
9/1/2023 9:22:32,1.16.3,FR1,0,4.16,nan,1,Right,Left,50,19,43,0,nan,nan,0.09
9/1/2023 9:22:34,1.16.3,FR1,0,4.15,nan,1,Right,Left,50,20,43,0,nan,nan,0.46
9/1/2023 9:22:35,1.16.3,FR1,0,4.16,nan,1,Right,Left,50,21,43,0,nan,nan,0.02
9/1/2023 9:22:38,1.16.3,FR1,0,4.16,nan,1,Right,Left,50,22,43,0,nan,nan,0.15
9/1/2023 9:22:40,1.16.3,FR1,0,4.15,nan,1,Right,Left,50,23,43,0,nan,nan,0.14
9/1/2023 9:22:43,1.16.3,FR1,0,4.16,nan,1,Left,Left,51,23,43,0,nan,nan,0.22
9/1/2023 9:22:48,1.16.3,FR1,0,4.15,1,1,Pellet,Left,51,23,44,0,4.16,401,nan
9/1/2023 9:23:19,1.16.3,FR1,0,4.16,nan,1,Left,Left,52,23,44,0,nan,nan,0.12
9/1/2023 9:23:23,1.16.3,FR1,0,4.16,1,1,Pellet,Left,52,23,45,0,3.79,35,nan
9/1/2023 9:23:54,1.16.3,FR1,0,4.16,nan,1,Left,Left,53,23,45,0,nan,nan,0.00
9/1/2023 9:23:56,1.16.3,FR1,0,4.16,1,1,Pellet,Left,53,23,46,0,0.91,33,nan
9/1/2023 9:27:42,1.16.3,FR1,0,4.16,nan,1,Left,Left,54,23,46,0,nan,nan,0.15
9/1/2023 9:27:48,1.16.3,FR1,0,4.16,1,1,Pellet,Left,54,23,47,0,5.57,232,nan
9/1/2023 9:34:43,1.16.3,FR1,0,4.16,nan,1,Right,Left,54,24,47,0,nan,nan,0.14
9/1/2023 9:34:44,1.16.3,FR1,0,4.15,nan,1,Right,Left,54,25,47,0,nan,nan,0.09
9/1/2023 9:34:52,1.16.3,FR1,0,4.15,nan,1,Left,Left,55,25,47,0,nan,nan,0.07
9/1/2023 9:34:54,1.16.3,FR1,0,4.14,1,1,Pellet,Left,55,25,48,0,1.16,426,nan
9/1/2023 9:35:08,1.16.3,FR1,0,4.15,nan,1,Left,Left,56,25,48,0,nan,nan,0.11
9/1/2023 9:35:11,1.16.3,FR1,0,4.15,1,1,Pellet,Left,56,25,49,0,1.95,17,nan
9/1/2023 9:35:29,1.16.3,FR1,0,4.16,nan,1,Left,Left,57,25,49,0,nan,nan,0.25
9/1/2023 9:35:30,1.16.3,FR1,0,4.15,1,1,Pellet,Left,57,25,50,0,0.73,19,nan
9/1/2023 9:35:42,1.16.3,FR1,0,4.16,nan,1,Left,Left,58,25,50,0,nan,nan,0.29
9/1/2023 9:35:43,1.16.3,FR1,0,4.16,1,1,Pellet,Left,58,25,51,0,1.03,13,nan
9/1/2023 9:36:03,1.16.3,FR1,0,4.16,nan,1,Left,Left,59,25,51,0,nan,nan,0.09
9/1/2023 9:36:06,1.16.3,FR1,0,4.16,1,1,Pellet,Left,59,25,52,0,1.89,23,nan
9/1/2023 9:36:24,1.16.3,FR1,0,4.16,nan,1,Right,Left,59,26,52,0,nan,nan,0.00
9/1/2023 9:37:22,1.16.3,FR1,0,4.15,nan,1,Right,Left,59,27,52,0,nan,nan,0.16
9/1/2023 9:37:40,1.16.3,FR1,0,4.15,nan,1,Left,Left,60,27,52,0,nan,nan,0.00
9/1/2023 9:37:51,1.16.3,FR1,0,4.16,1,1,Pellet,Left,60,27,53,0,10.36,105,nan
9/1/2023 9:40:10,1.16.3,FR1,0,4.15,nan,1,Left,Left,61,27,53,0,nan,nan,0.03
9/1/2023 9:40:38,1.16.3,FR1,0,4.16,1,1,Pellet,Left,61,27,54,0,28.01,167,nan
9/1/2023 9:41:05,1.16.3,FR1,0,4.16,nan,1,Left,Left,62,27,54,0,nan,nan,0.12
9/1/2023 9:41:07,1.16.3,FR1,0,4.15,1,1,Pellet,Left,62,27,55,0,1.46,29,nan
9/1/2023 9:45:58,1.16.3,FR1,0,4.16,nan,1,Left,Left,63,27,55,0,nan,nan,0.06
9/1/2023 9:47:01,1.16.3,FR1,0,4.16,nan,1,LeftWithPellet,Left,64,27,55,0,nan,nan,0.07
9/1/2023 9:48:41,1.16.3,FR1,0,4.14,1,1,Pellet,Left,64,27,56,0,Timed_out,454,nan
9/1/2023 9:53:07,1.16.3,FR1,0,4.15,nan,1,Left,Left,65,27,56,0,nan,nan,0.25
9/1/2023 9:53:08,1.16.3,FR1,0,4.16,nan,1,LeftDuringDispense,Left,66,27,56,0,nan,nan,0.03
9/1/2023 9:53:25,1.16.3,FR1,0,4.16,nan,1,LeftWithPellet,Left,67,27,56,0,nan,nan,0.13
9/1/2023 9:53:27,1.16.3,FR1,0,4.15,3,1,Pellet,Left,67,27,57,0,14.28,286,nan
9/1/2023 9:55:40,1.16.3,FR1,0,4.16,nan,1,Right,Left,67,28,57,0,nan,nan,0.11
9/1/2023 9:56:07,1.16.3,FR1,0,4.15,nan,1,Left,Left,68,28,57,0,nan,nan,0.20
9/1/2023 9:56:21,1.16.3,FR1,0,4.15,1,1,Pellet,Left,68,28,58,0,13.32,174,nan
9/1/2023 9:56:35,1.16.3,FR1,0,4.15,nan,1,Left,Left,69,28,58,0,nan,nan,0.10
9/1/2023 9:56:37,1.16.3,FR1,0,4.15,1,1,Pellet,Left,69,28,59,0,1.03,16,nan
9/1/2023 10:10:18,1.16.3,FR1,0,4.15,nan,1,Right,Left,69,29,59,0,nan,nan,0.38
9/1/2023 10:10:20,1.16.3,FR1,0,4.15,nan,1,Right,Left,69,30,59,0,nan,nan,0.32
9/1/2023 10:10:22,1.16.3,FR1,0,4.15,nan,1,Right,Left,69,31,59,0,nan,nan,0.04
9/1/2023 10:10:28,1.16.3,FR1,0,4.15,nan,1,Left,Left,70,31,59,0,nan,nan,0.00
9/1/2023 10:10:48,1.16.3,FR1,0,4.16,2,1,Pellet,Left,70,31,60,0,16.37,851,nan
9/1/2023 10:12:53,1.16.3,FR1,0,4.15,nan,1,Left,Left,71,31,60,0,nan,nan,0.10
9/1/2023 10:12:55,1.16.3,FR1,0,4.15,1,1,Pellet,Left,71,31,61,0,0.91,126,nan
9/1/2023 10:13:16,1.16.3,FR1,0,4.15,nan,1,Left,Left,72,31,61,0,nan,nan,0.13
9/1/2023 10:13:20,1.16.3,FR1,0,4.15,nan,1,LeftWithPellet,Left,73,31,61,0,nan,nan,0.04
9/1/2023 10:14:26,1.16.3,FR1,0,4.15,nan,1,LeftWithPellet,Left,74,31,61,0,nan,nan,0.04
9/1/2023 10:15:58,1.16.3,FR1,0,4.16,2,1,Pellet,Left,74,31,62,0,Timed_out,184,nan
9/1/2023 10:24:47,1.16.3,FR1,0,4.16,nan,1,Left,Left,75,31,62,0,nan,nan,0.16
9/1/2023 10:24:51,1.16.3,FR1,0,4.15,1,1,Pellet,Left,75,31,63,0,2.87,533,nan
9/1/2023 10:32:12,1.16.3,FR1,0,4.15,nan,1,Left,Left,76,31,63,0,nan,nan,0.18
9/1/2023 10:32:14,1.16.3,FR1,0,4.16,1,1,Pellet,Left,76,31,64,0,1.09,443,nan
9/1/2023 10:32:48,1.16.3,FR1,0,4.16,nan,1,Left,Left,77,31,64,0,nan,nan,0.09
9/1/2023 10:35:02,1.16.3,FR1,0,4.14,1,1,Pellet,Left,77,31,65,0,Timed_out,168,nan
9/1/2023 10:38:07,1.16.3,FR1,0,4.15,nan,1,Right,Left,77,32,65,0,nan,nan,0.10
9/1/2023 10:38:40,1.16.3,FR1,0,4.15,nan,1,Left,Left,78,32,65,0,nan,nan,0.17
9/1/2023 10:38:42,1.16.3,FR1,0,4.15,1,1,Pellet,Left,78,32,66,0,1.77,220,nan
9/1/2023 10:41:27,1.16.3,FR1,0,4.15,nan,1,Left,Left,79,32,66,0,nan,nan,0.06
9/1/2023 10:41:29,1.16.3,FR1,0,4.15,1,1,Pellet,Left,79,32,67,0,1.09,167,nan
9/1/2023 10:41:32,1.16.3,FR1,0,4.15,nan,1,Left,Left,80,32,67,0,nan,nan,0.18
9/1/2023 10:41:33,1.16.3,FR1,0,4.15,nan,1,LeftWithPellet,Left,81,32,67,0,nan,nan,0.13
9/1/2023 10:42:43,1.16.3,FR1,0,4.15,nan,1,RightWithPellet,Left,81,33,67,0,nan,nan,0.18
9/1/2023 10:43:14,1.16.3,FR1,0,4.15,nan,1,LeftWithPellet,Left,82,33,67,0,nan,nan,0.28
9/1/2023 10:43:30,1.16.3,FR1,0,4.15,nan,1,LeftWithPellet,Left,83,33,67,0,nan,nan,0.19
9/1/2023 10:43:32,1.16.3,FR1,0,4.15,nan,1,LeftWithPellet,Left,84,33,67,0,nan,nan,0.31
9/1/2023 10:43:33,1.16.3,FR1,0,4.15,nan,1,LeftWithPellet,Left,85,33,67,0,nan,nan,0.03
9/1/2023 10:43:35,1.16.3,FR1,0,4.15,nan,1,LeftWithPellet,Left,86,33,67,0,nan,nan,0.21
9/1/2023 10:43:37,1.16.3,FR1,0,4.15,1,1,Pellet,Left,86,33,68,0,Timed_out,128,nan
9/1/2023 10:44:29,1.16.3,FR1,0,4.15,nan,1,Left,Left,87,33,68,0,nan,nan,0.19
9/1/2023 10:44:30,1.16.3,FR1,0,4.14,1,1,Pellet,Left,87,33,69,0,0.79,53,nan
9/1/2023 10:48:53,1.16.3,FR1,0,4.15,nan,1,Left,Left,88,33,69,0,nan,nan,0.17
9/1/2023 10:48:56,1.16.3,FR1,0,4.15,1,1,Pellet,Left,88,33,70,0,1.52,265,nan
9/1/2023 10:49:39,1.16.3,FR1,0,4.14,nan,1,Left,Left,89,33,70,0,nan,nan,0.37
9/1/2023 10:49:40,1.16.3,FR1,0,4.15,1,1,Pellet,Left,89,33,71,0,0.61,45,nan
9/1/2023 10:52:57,1.16.3,FR1,0,4.15,nan,1,Left,Left,90,33,71,0,nan,nan,0.13
9/1/2023 10:52:59,1.16.3,FR1,0,4.14,1,1,Pellet,Left,90,33,72,0,1.58,199,nan
9/1/2023 10:53:12,1.16.3,FR1,0,4.15,nan,1,Left,Left,91,33,72,0,nan,nan,0.08
9/1/2023 10:57:09,1.16.3,FR1,0,4.14,nan,1,LeftWithPellet,Left,92,33,72,0,nan,nan,0.16
9/1/2023 11:02:36,1.16.3,FR1,0,4.14,1,1,Pellet,Left,92,33,73,0,Timed_out,577,nan
9/1/2023 11:02:55,1.16.3,FR1,0,4.15,nan,1,Left,Left,93,33,73,0,nan,nan,0.06
9/1/2023 11:02:56,1.16.3,FR1,0,4.15,1,1,Pellet,Left,93,33,74,0,0.85,20,nan
9/1/2023 11:08:35,1.16.3,FR1,0,4.15,nan,1,Left,Left,94,33,74,0,nan,nan,0.12
9/1/2023 11:08:36,1.16.3,FR1,0,4.14,1,1,Pellet,Left,94,33,75,0,1.03,340,nan
9/1/2023 11:08:52,1.16.3,FR1,0,4.15,nan,1,Right,Left,94,34,75,0,nan,nan,0.15
9/1/2023 11:09:02,1.16.3,FR1,0,4.14,nan,1,Left,Left,95,34,75,0,nan,nan,0.10
9/1/2023 11:09:04,1.16.3,FR1,0,4.14,1,1,Pellet,Left,95,34,76,0,1.03,28,nan
9/1/2023 11:18:22,1.16.3,FR1,0,4.14,nan,1,Left,Left,96,34,76,0,nan,nan,0.02
9/1/2023 11:18:23,1.16.3,FR1,0,4.15,nan,1,LeftWithPellet,Left,97,34,76,0,nan,nan,0.08
9/1/2023 11:18:24,1.16.3,FR1,0,4.15,1,1,Pellet,Left,97,34,77,0,1.95,560,nan
9/1/2023 11:19:13,1.16.3,FR1,0,4.15,nan,1,Left,Left,98,34,77,0,nan,nan,0.11
9/1/2023 11:19:17,1.16.3,FR1,0,4.15,1,1,Pellet,Left,98,34,78,0,2.69,53,nan
9/1/2023 11:22:50,1.16.3,FR1,0,4.15,nan,1,Right,Left,98,35,78,0,nan,nan,0.05
9/1/2023 11:27:15,1.16.3,FR1,0,4.15,nan,1,Left,Left,99,35,78,0,nan,nan,0.09
9/1/2023 11:27:17,1.16.3,FR1,0,4.15,2,1,Pellet,Left,99,35,79,0,0.67,480,nan
9/1/2023 11:31:31,1.16.3,FR1,0,4.15,nan,1,Left,Left,100,35,79,0,nan,nan,0.13
9/1/2023 11:31:32,1.16.3,FR1,0,4.14,1,1,Pellet,Left,100,35,80,0,0.79,255,nan
9/1/2023 11:31:51,1.16.3,FR1,0,4.15,nan,1,Left,Left,101,35,80,0,nan,nan,0.03
9/1/2023 11:31:55,1.16.3,FR1,0,4.14,2,1,Pellet,Left,101,35,81,0,0.97,23,nan
9/1/2023 11:32:13,1.16.3,FR1,0,4.14,nan,1,Left,Left,102,35,81,0,nan,nan,0.19
9/1/2023 11:32:15,1.16.3,FR1,0,4.15,1,1,Pellet,Left,102,35,82,0,0.55,20,nan
9/1/2023 11:36:11,1.16.3,FR1,0,4.15,nan,1,Left,Left,103,35,82,0,nan,nan,0.01
9/1/2023 11:36:13,1.16.3,FR1,0,4.15,1,1,Pellet,Left,103,35,83,0,1.52,238,nan
9/1/2023 11:36:33,1.16.3,FR1,0,4.14,nan,1,Left,Left,104,35,83,0,nan,nan,0.04
9/1/2023 11:36:36,1.16.3,FR1,0,4.14,1,1,Pellet,Left,104,35,84,0,2.08,23,nan
9/1/2023 11:36:53,1.16.3,FR1,0,4.15,nan,1,Left,Left,105,35,84,0,nan,nan,0.07
9/1/2023 11:36:54,1.16.3,FR1,0,4.14,1,1,Pellet,Left,105,35,85,0,0.85,18,nan
9/1/2023 11:37:04,1.16.3,FR1,0,4.15,nan,1,Left,Left,106,35,85,0,nan,nan,0.04
9/1/2023 11:37:10,1.16.3,FR1,0,4.14,2,1,Pellet,Left,106,35,86,0,2.38,16,nan
9/1/2023 11:38:10,1.16.3,FR1,0,4.15,nan,1,Left,Left,107,35,86,0,nan,nan,0.05
9/1/2023 11:38:23,1.16.3,FR1,0,4.15,1,1,Pellet,Left,107,35,87,0,12.20,73,nan
9/1/2023 11:41:11,1.16.3,FR1,0,4.15,nan,1,Left,Left,108,35,87,0,nan,nan,0.05
9/1/2023 11:41:13,1.16.3,FR1,0,4.15,1,1,Pellet,Left,108,35,88,0,0.48,170,nan
9/1/2023 11:41:54,1.16.3,FR1,0,4.14,nan,1,Left,Left,109,35,88,0,nan,nan,0.02
9/1/2023 11:43:46,1.16.3,FR1,0,4.14,1,1,Pellet,Left,109,35,89,0,Timed_out,153,nan
9/1/2023 11:47:44,1.16.3,FR1,0,4.14,nan,1,Left,Left,110,35,89,0,nan,nan,0.09
9/1/2023 11:47:46,1.16.3,FR1,0,4.14,1,1,Pellet,Left,110,35,90,0,1.34,240,nan
9/1/2023 11:55:11,1.16.3,FR1,0,4.14,nan,1,Left,Left,111,35,90,0,nan,nan,0.08
9/1/2023 11:55:26,1.16.3,FR1,0,4.14,2,1,Pellet,Left,111,35,91,0,12.01,460,nan
9/1/2023 11:59:28,1.16.3,FR1,0,4.14,nan,1,Right,Left,111,36,91,0,nan,nan,0.27
9/1/2023 12:02:33,1.16.3,FR1,0,4.14,nan,1,Left,Left,112,36,91,0,nan,nan,0.14
9/1/2023 12:02:35,1.16.3,FR1,0,4.14,1,1,Pellet,Left,112,36,92,0,1.09,429,nan
9/1/2023 12:02:48,1.16.3,FR1,0,4.14,nan,1,Left,Left,113,36,92,0,nan,nan,0.05
9/1/2023 12:02:51,1.16.3,FR1,0,4.15,1,1,Pellet,Left,113,36,93,0,2.14,16,nan
9/1/2023 12:03:01,1.16.3,FR1,0,4.15,nan,1,Left,Left,114,36,93,0,nan,nan,0.03
9/1/2023 12:03:03,1.16.3,FR1,0,4.14,1,1,Pellet,Left,114,36,94,0,1.89,12,nan
9/1/2023 12:10:03,1.16.3,FR1,0,4.14,nan,1,Left,Left,115,36,94,0,nan,nan,0.09
9/1/2023 12:10:04,1.16.3,FR1,0,4.14,1,1,Pellet,Left,115,36,95,0,0.61,421,nan
9/1/2023 12:11:12,1.16.3,FR1,0,4.14,nan,1,Left,Left,116,36,95,0,nan,nan,0.05
9/1/2023 12:11:15,1.16.3,FR1,0,4.14,1,1,Pellet,Left,116,36,96,0,1.70,71,nan
9/1/2023 12:17:42,1.16.3,FR1,0,4.14,nan,1,Left,Left,117,36,96,0,nan,nan,0.14
9/1/2023 12:17:43,1.16.3,FR1,0,4.14,nan,1,LeftWithPellet,Left,118,36,96,0,nan,nan,0.14
9/1/2023 12:17:44,1.16.3,FR1,0,4.15,1,1,Pellet,Left,118,36,97,0,1.59,389,nan
9/1/2023 12:17:49,1.16.3,FR1,0,4.14,nan,1,Left,Left,119,36,97,0,nan,nan,0.12
9/1/2023 12:20:52,1.16.3,FR1,0,4.14,1,1,Pellet,Left,119,36,98,0,Timed_out,188,nan
9/1/2023 12:24:34,1.16.3,FR1,0,4.14,nan,1,Left,Left,120,36,98,0,nan,nan,0.12
9/1/2023 12:24:35,1.16.3,FR1,0,4.14,1,1,Pellet,Left,120,36,99,0,1.03,223,nan
9/1/2023 12:43:21,1.16.3,FR1,0,4.14,nan,1,Left,Left,121,36,99,0,nan,nan,0.15
9/1/2023 12:43:23,1.16.3,FR1,0,4.14,2,1,Pellet,Left,121,36,100,0,1.52,1128,nan
9/1/2023 12:43:42,1.16.3,FR1,0,4.14,nan,1,Left,Left,122,36,100,0,nan,nan,0.00
9/1/2023 12:43:44,1.16.3,FR1,0,4.14,1,1,Pellet,Left,122,36,101,0,0.97,21,nan
9/1/2023 12:49:38,1.16.3,FR1,0,4.14,nan,1,Left,Left,123,36,101,0,nan,nan,0.25
9/1/2023 12:49:39,1.16.3,FR1,0,4.14,1,1,Pellet,Left,123,36,102,0,0.79,355,nan
9/1/2023 12:50:18,1.16.3,FR1,0,4.14,nan,1,Left,Left,124,36,102,0,nan,nan,0.10
9/1/2023 12:50:20,1.16.3,FR1,0,4.14,1,1,Pellet,Left,124,36,103,0,1.64,41,nan
9/1/2023 12:54:11,1.16.3,FR1,0,4.14,nan,1,Left,Left,125,36,103,0,nan,nan,0.17
9/1/2023 12:55:11,1.16.3,FR1,0,4.14,1,1,Pellet,Left,125,36,104,0,59.06,291,nan
9/1/2023 13:01:23,1.16.3,FR1,0,4.14,nan,1,Left,Left,126,36,104,0,nan,nan,0.06
9/1/2023 13:01:24,1.16.3,FR1,0,4.14,1,1,Pellet,Left,126,36,105,0,0.91,373,nan
9/1/2023 13:03:49,1.16.3,FR1,0,4.14,nan,1,Left,Left,127,36,105,0,nan,nan,0.07
9/1/2023 13:03:51,1.16.3,FR1,0,4.14,1,1,Pellet,Left,127,36,106,0,1.28,147,nan
9/1/2023 13:04:07,1.16.3,FR1,0,4.14,nan,1,Left,Left,128,36,106,0,nan,nan,0.12
9/1/2023 13:04:10,1.16.3,FR1,0,4.14,1,1,Pellet,Left,128,36,107,0,2.38,19,nan
9/1/2023 13:04:21,1.16.3,FR1,0,4.14,nan,1,Left,Left,129,36,107,0,nan,nan,0.03
9/1/2023 13:04:23,1.16.3,FR1,0,4.14,1,1,Pellet,Left,129,36,108,0,1.15,13,nan
9/1/2023 13:04:40,1.16.3,FR1,0,4.14,nan,1,Left,Left,130,36,108,0,nan,nan,0.05
9/1/2023 13:04:44,1.16.3,FR1,0,4.14,1,1,Pellet,Left,130,36,109,0,2.56,21,nan
9/1/2023 13:04:57,1.16.3,FR1,0,4.14,nan,1,Left,Left,131,36,109,0,nan,nan,0.04
9/1/2023 13:04:59,1.16.3,FR1,0,4.14,1,1,Pellet,Left,131,36,110,0,0.85,14,nan
9/1/2023 13:05:18,1.16.3,FR1,0,4.14,nan,1,Left,Left,132,36,110,0,nan,nan,0.13
9/1/2023 13:05:20,1.16.3,FR1,0,4.14,1,1,Pellet,Left,132,36,111,0,0.67,22,nan
9/1/2023 13:12:50,1.16.3,FR1,0,4.14,nan,1,Left,Left,133,36,111,0,nan,nan,0.10
9/1/2023 13:12:52,1.16.3,FR1,0,4.14,1,1,Pellet,Left,133,36,112,0,1.16,452,nan
9/1/2023 13:14:22,1.16.3,FR1,0,4.14,nan,1,Left,Left,134,36,112,0,nan,nan,0.32
9/1/2023 13:14:23,1.16.3,FR1,0,4.14,1,1,Pellet,Left,134,36,113,0,0.91,91,nan
9/1/2023 13:15:08,1.16.3,FR1,0,4.14,nan,1,Left,Left,135,36,113,0,nan,nan,0.06
9/1/2023 13:15:10,1.16.3,FR1,0,4.14,1,1,Pellet,Left,135,36,114,0,0.55,47,nan
9/1/2023 13:15:24,1.16.3,FR1,0,4.14,nan,1,Left,Left,136,36,114,0,nan,nan,0.11
9/1/2023 13:15:25,1.16.3,FR1,0,4.13,1,1,Pellet,Left,136,36,115,0,0.79,15,nan
9/1/2023 13:15:39,1.16.3,FR1,0,4.14,nan,1,Left,Left,137,36,115,0,nan,nan,0.05
9/1/2023 13:15:40,1.16.3,FR1,0,4.14,1,1,Pellet,Left,137,36,116,0,0.67,15,nan
9/1/2023 13:16:06,1.16.3,FR1,0,4.14,nan,1,Left,Left,138,36,116,0,nan,nan,0.12
9/1/2023 13:16:08,1.16.3,FR1,0,4.14,1,1,Pellet,Left,138,36,117,0,0.73,28,nan
9/1/2023 13:16:17,1.16.3,FR1,0,4.14,nan,1,Right,Left,138,37,117,0,nan,nan,0.12
9/1/2023 13:16:18,1.16.3,FR1,0,4.14,nan,1,Right,Left,138,38,117,0,nan,nan,0.00
9/1/2023 13:16:31,1.16.3,FR1,0,4.14,nan,1,Left,Left,139,38,117,0,nan,nan,0.16
9/1/2023 13:16:33,1.16.3,FR1,0,4.14,1,1,Pellet,Left,139,38,118,0,0.91,24,nan
9/1/2023 13:22:44,1.16.3,FR1,0,4.14,nan,1,Left,Left,140,38,118,0,nan,nan,0.04
9/1/2023 13:29:47,1.16.3,FR1,0,4.14,1,1,Pellet,Left,140,38,119,0,Timed_out,795,nan
9/1/2023 13:30:14,1.16.3,FR1,0,4.14,nan,1,Left,Left,141,38,119,0,nan,nan,0.08
9/1/2023 13:30:17,1.16.3,FR1,0,4.14,nan,1,LeftWithPellet,Left,142,38,119,0,nan,nan,0.15
9/1/2023 13:30:19,1.16.3,FR1,0,4.14,nan,1,LeftWithPellet,Left,143,38,119,0,nan,nan,0.02
9/1/2023 13:34:54,1.16.3,FR1,0,4.14,1,1,Pellet,Left,143,38,120,0,Timed_out,307,nan
9/1/2023 13:39:02,1.16.3,FR1,0,4.14,nan,1,Left,Left,144,38,120,0,nan,nan,0.09
9/1/2023 13:39:04,1.16.3,FR1,0,4.14,1,1,Pellet,Left,144,38,121,0,1.58,250,nan
9/1/2023 13:48:52,1.16.3,FR1,0,4.14,nan,1,Left,Left,145,38,121,0,nan,nan,0.08
9/1/2023 13:48:55,1.16.3,FR1,0,4.14,nan,1,LeftDuringDispense,Left,146,38,121,0,nan,nan,0.13
9/1/2023 13:48:56,1.16.3,FR1,0,4.14,2,1,Pellet,Left,146,38,122,0,1.03,592,nan
9/1/2023 13:49:02,1.16.3,FR1,0,4.14,nan,1,Left,Left,147,38,122,0,nan,nan,0.07
9/1/2023 13:49:04,1.16.3,FR1,0,4.14,nan,1,LeftWithPellet,Left,148,38,122,0,nan,nan,0.17
9/1/2023 13:50:31,1.16.3,FR1,0,4.14,1,1,Pellet,Left,148,38,123,0,Timed_out,95,nan
9/1/2023 13:50:44,1.16.3,FR1,0,4.14,nan,1,Right,Left,148,39,123,0,nan,nan,0.15
9/1/2023 13:50:49,1.16.3,FR1,0,4.14,nan,1,Right,Left,148,40,123,0,nan,nan,0.15
9/1/2023 13:50:50,1.16.3,FR1,0,4.14,nan,1,Left,Left,149,40,123,0,nan,nan,0.14
9/1/2023 13:50:52,1.16.3,FR1,0,4.14,1,1,Pellet,Left,149,40,124,0,0.73,21,nan
9/1/2023 13:51:10,1.16.3,FR1,0,4.14,nan,1,Left,Left,150,40,124,0,nan,nan,0.15
9/1/2023 13:51:12,1.16.3,FR1,0,4.14,1,1,Pellet,Left,150,40,125,0,1.09,20,nan
9/1/2023 13:59:18,1.16.3,FR1,0,4.13,nan,1,Left,Left,151,40,125,0,nan,nan,0.00
9/1/2023 15:09:05,1.16.3,FR1,0,4.13,1,1,Pellet,Left,151,40,126,0,Timed_out,4673,nan
9/1/2023 15:09:49,1.16.3,FR1,0,4.14,nan,1,Right,Left,151,41,126,0,nan,nan,0.00
9/1/2023 15:10:16,1.16.3,FR1,0,4.14,nan,1,Left,Left,152,41,126,0,nan,nan,0.10
9/1/2023 15:10:18,1.16.3,FR1,0,4.13,2,1,Pellet,Left,152,41,127,0,0.67,73,nan
9/1/2023 15:10:49,1.16.3,FR1,0,4.14,nan,1,Left,Left,153,41,127,0,nan,nan,0.05
9/1/2023 15:10:51,1.16.3,FR1,0,4.14,1,1,Pellet,Left,153,41,128,0,1.34,33,nan
9/1/2023 15:12:40,1.16.3,FR1,0,4.13,nan,1,Left,Left,154,41,128,0,nan,nan,0.20
9/1/2023 15:12:42,1.16.3,FR1,0,4.13,1,1,Pellet,Left,154,41,129,0,1.58,111,nan
9/1/2023 15:13:12,1.16.3,FR1,0,4.13,nan,1,Left,Left,155,41,129,0,nan,nan,0.09
9/1/2023 15:13:14,1.16.3,FR1,0,4.13,2,1,Pellet,Left,155,41,130,0,0.85,32,nan
9/1/2023 15:13:41,1.16.3,FR1,0,4.13,nan,1,Left,Left,156,41,130,0,nan,nan,0.10
9/1/2023 15:13:46,1.16.3,FR1,0,4.13,2,1,Pellet,Left,156,41,131,0,2.13,32,nan
9/1/2023 15:14:19,1.16.3,FR1,0,4.13,nan,1,Left,Left,157,41,131,0,nan,nan,0.20
9/1/2023 15:14:20,1.16.3,FR1,0,4.13,1,1,Pellet,Left,157,41,132,0,0.48,34,nan
9/1/2023 15:14:38,1.16.3,FR1,0,4.13,nan,1,Left,Left,158,41,132,0,nan,nan,0.09
9/1/2023 15:14:40,1.16.3,FR1,0,4.12,1,1,Pellet,Left,158,41,133,0,0.73,20,nan
9/1/2023 15:49:12,1.16.3,FR1,0,4.13,nan,1,Left,Left,159,41,133,0,nan,nan,0.10
9/1/2023 15:49:14,1.16.3,FR1,0,4.13,1,1,Pellet,Left,159,41,134,0,0.73,2074,nan
9/1/2023 15:50:39,1.16.3,FR1,0,4.13,nan,1,Left,Left,160,41,134,0,nan,nan,0.10
9/1/2023 15:50:41,1.16.3,FR1,0,4.13,1,1,Pellet,Left,160,41,135,0,0.73,87,nan
9/1/2023 15:50:49,1.16.3,FR1,0,4.13,nan,1,Left,Left,161,41,135,0,nan,nan,0.06
9/1/2023 15:50:50,1.16.3,FR1,0,4.13,1,1,Pellet,Left,161,41,136,0,0.85,9,nan
9/1/2023 15:51:14,1.16.3,FR1,0,4.14,nan,1,Left,Left,162,41,136,0,nan,nan,0.26
9/1/2023 15:51:15,1.16.3,FR1,0,4.14,1,1,Pellet,Left,162,41,137,0,0.42,25,nan
9/1/2023 15:51:34,1.16.3,FR1,0,4.13,nan,1,Left,Left,163,41,137,0,nan,nan,0.05
9/1/2023 15:51:35,1.16.3,FR1,0,4.13,nan,1,LeftWithPellet,Left,164,41,137,0,nan,nan,0.04
9/1/2023 15:51:36,1.16.3,FR1,0,4.13,1,1,Pellet,Left,164,41,138,0,1.24,21,nan
9/1/2023 15:51:53,1.16.3,FR1,0,4.13,nan,1,Left,Left,165,41,138,0,nan,nan,0.16
9/1/2023 15:51:55,1.16.3,FR1,0,4.14,1,1,Pellet,Left,165,41,139,0,0.97,18,nan
9/1/2023 15:53:12,1.16.3,FR1,0,4.13,nan,1,Left,Left,166,41,139,0,nan,nan,0.02
9/1/2023 15:54:59,1.16.3,FR1,0,4.13,1,1,Pellet,Left,166,41,140,0,Timed_out,185,nan
9/1/2023 15:56:25,1.16.3,FR1,0,4.13,nan,1,Left,Left,167,41,140,0,nan,nan,0.12
9/1/2023 15:56:26,1.16.3,FR1,0,4.13,1,1,Pellet,Left,167,41,141,0,0.60,87,nan
9/1/2023 15:57:12,1.16.3,FR1,0,4.13,nan,1,Left,Left,168,41,141,0,nan,nan,0.12
9/1/2023 15:58:37,1.16.3,FR1,0,4.13,1,1,Pellet,Left,168,41,142,0,Timed_out,131,nan
9/1/2023 15:59:30,1.16.3,FR1,0,4.13,nan,1,Left,Left,169,41,142,0,nan,nan,0.06
9/1/2023 15:59:31,1.16.3,FR1,0,4.13,1,1,Pellet,Left,169,41,143,0,0.55,54,nan
9/1/2023 15:59:45,1.16.3,FR1,0,4.12,nan,1,Left,Left,170,41,143,0,nan,nan,0.03
9/1/2023 16:07:16,1.16.3,FR1,0,4.13,nan,1,LeftWithPellet,Left,171,41,143,0,nan,nan,0.17
9/1/2023 16:07:18,1.16.3,FR1,0,4.13,nan,1,LeftWithPellet,Left,172,41,143,0,nan,nan,0.16
9/1/2023 16:07:20,1.16.3,FR1,0,4.13,nan,1,LeftWithPellet,Left,173,41,143,0,nan,nan,0.10
9/1/2023 16:07:23,1.16.3,FR1,0,4.13,nan,1,LeftWithPellet,Left,174,41,143,0,nan,nan,0.12
9/1/2023 16:07:24,1.16.3,FR1,0,4.13,nan,1,LeftWithPellet,Left,175,41,143,0,nan,nan,0.22
9/1/2023 16:07:25,1.16.3,FR1,0,4.14,nan,1,LeftWithPellet,Left,176,41,143,0,nan,nan,0.06
9/1/2023 16:07:27,1.16.3,FR1,0,4.13,nan,1,LeftWithPellet,Left,177,41,143,0,nan,nan,0.17
9/1/2023 16:07:31,1.16.3,FR1,0,4.13,nan,1,LeftWithPellet,Left,178,41,143,0,nan,nan,0.24
9/1/2023 16:07:32,1.16.3,FR1,0,4.13,nan,1,LeftWithPellet,Left,179,41,143,0,nan,nan,0.12
9/1/2023 16:07:33,1.16.3,FR1,0,4.13,nan,1,LeftWithPellet,Left,180,41,143,0,nan,nan,0.14
9/1/2023 16:08:14,1.16.3,FR1,0,4.13,1,1,Pellet,Left,180,41,144,0,Timed_out,523,nan
9/1/2023 16:14:16,1.16.3,FR1,0,4.13,nan,1,Left,Left,181,41,144,0,nan,nan,0.04
9/1/2023 16:14:20,1.16.3,FR1,0,4.13,1,1,Pellet,Left,181,41,145,0,3.24,366,nan
9/1/2023 16:14:25,1.16.3,FR1,0,4.13,nan,1,Left,Left,182,41,145,0,nan,nan,0.09
9/1/2023 16:14:26,1.16.3,FR1,0,4.13,nan,1,LeftWithPellet,Left,183,41,145,0,nan,nan,0.09
9/1/2023 16:14:27,1.16.3,FR1,0,4.13,1,1,Pellet,Left,183,41,146,0,1.17,7,nan
9/1/2023 16:17:23,1.16.3,FR1,0,4.13,nan,1,Left,Left,184,41,146,0,nan,nan,0.08
9/1/2023 16:17:23,1.16.3,FR1,0,4.13,nan,1,LeftDuringDispense,Left,185,41,146,0,nan,nan,0.02
9/1/2023 16:17:27,1.16.3,FR1,0,4.13,2,1,Pellet,Left,185,41,147,0,0.79,180,nan
9/1/2023 16:17:39,1.16.3,FR1,0,4.13,nan,1,Left,Left,186,41,147,0,nan,nan,0.13
9/1/2023 16:17:41,1.16.3,FR1,0,4.13,1,1,Pellet,Left,186,41,148,0,1.03,14,nan
9/1/2023 16:18:13,1.16.3,FR1,0,4.12,nan,1,Left,Left,187,41,148,0,nan,nan,0.11
9/1/2023 16:18:14,1.16.3,FR1,0,4.13,1,1,Pellet,Left,187,41,149,0,0.73,33,nan
9/1/2023 16:18:27,1.16.3,FR1,0,4.13,nan,1,Left,Left,188,41,149,0,nan,nan,0.02
9/1/2023 16:18:30,1.16.3,FR1,0,4.13,2,1,Pellet,Left,188,41,150,0,2.19,16,nan
9/1/2023 16:18:44,1.16.3,FR1,0,4.13,nan,1,Left,Left,189,41,150,0,nan,nan,0.23
9/1/2023 16:18:46,1.16.3,FR1,0,4.12,1,1,Pellet,Left,189,41,151,0,1.03,16,nan
9/1/2023 16:19:00,1.16.3,FR1,0,4.13,nan,1,Left,Left,190,41,151,0,nan,nan,0.03
9/1/2023 16:19:02,1.16.3,FR1,0,4.13,1,1,Pellet,Left,190,41,152,0,0.91,16,nan
9/1/2023 16:19:17,1.16.3,FR1,0,4.14,nan,1,Left,Left,191,41,152,0,nan,nan,0.11
9/1/2023 16:19:19,1.16.3,FR1,0,4.13,1,1,Pellet,Left,191,41,153,0,1.09,17,nan
9/1/2023 16:19:30,1.16.3,FR1,0,4.13,nan,1,Left,Left,192,41,153,0,nan,nan,0.16
9/1/2023 16:19:31,1.16.3,FR1,0,4.13,2,1,Pellet,Left,192,41,154,0,0.85,12,nan
9/1/2023 16:19:47,1.16.3,FR1,0,4.13,nan,1,Left,Left,193,41,154,0,nan,nan,0.01
9/1/2023 16:19:49,1.16.3,FR1,0,4.12,1,1,Pellet,Left,193,41,155,0,0.79,18,nan
9/1/2023 16:23:48,1.16.3,FR1,0,4.13,nan,1,Right,Left,193,42,155,0,nan,nan,0.04
9/1/2023 16:23:55,1.16.3,FR1,0,4.12,nan,1,Right,Left,193,43,155,0,nan,nan,0.35
9/1/2023 16:24:05,1.16.3,FR1,0,4.13,nan,1,Left,Left,194,43,155,0,nan,nan,0.08
9/1/2023 16:24:06,1.16.3,FR1,0,4.13,nan,1,LeftWithPellet,Left,195,43,155,0,nan,nan,0.00
9/1/2023 16:24:48,1.16.3,FR1,0,4.13,1,1,Pellet,Left,195,43,156,0,42.12,299,nan
9/1/2023 16:25:06,1.16.3,FR1,0,4.13,nan,1,Left,Left,196,43,156,0,nan,nan,0.07
9/1/2023 16:26:34,1.16.3,FR1,0,4.13,1,1,Pellet,Left,196,43,157,0,Timed_out,106,nan
9/1/2023 16:28:44,1.16.3,FR1,0,4.13,nan,1,Left,Left,197,43,157,0,nan,nan,0.03
9/1/2023 16:29:07,1.16.3,FR1,0,4.13,1,1,Pellet,Left,197,43,158,0,23.08,153,nan
9/1/2023 16:30:09,1.16.3,FR1,0,4.13,nan,1,Left,Left,198,43,158,0,nan,nan,0.17
9/1/2023 16:30:11,1.16.3,FR1,0,4.13,1,1,Pellet,Left,198,43,159,0,1.03,64,nan
9/1/2023 16:30:24,1.16.3,FR1,0,4.13,nan,1,Left,Left,199,43,159,0,nan,nan,0.09
9/1/2023 16:30:25,1.16.3,FR1,0,4.13,1,1,Pellet,Left,199,43,160,0,0.79,14,nan
9/1/2023 16:31:47,1.16.3,FR1,0,4.13,nan,1,Left,Left,200,43,160,0,nan,nan,0.12
9/1/2023 16:31:50,1.16.3,FR1,0,4.13,2,1,Pellet,Left,200,43,161,0,1.71,85,nan
9/1/2023 16:32:00,1.16.3,FR1,0,4.12,nan,1,Left,Left,201,43,161,0,nan,nan,0.04
9/1/2023 16:35:40,1.16.3,FR1,0,4.12,nan,1,LeftWithPellet,Left,202,43,161,0,nan,nan,0.06
9/1/2023 16:37:21,1.16.3,FR1,0,4.13,1,1,Pellet,Left,202,43,162,0,Timed_out,331,nan
9/1/2023 16:46:27,1.16.3,FR1,0,4.13,nan,1,Left,Left,203,43,162,0,nan,nan,0.17
9/1/2023 16:46:29,1.16.3,FR1,0,4.12,1,1,Pellet,Left,203,43,163,0,1.46,548,nan
9/1/2023 16:49:09,1.16.3,FR1,0,4.13,nan,1,Left,Left,204,43,163,0,nan,nan,0.08
9/1/2023 16:49:11,1.16.3,FR1,0,4.13,1,1,Pellet,Left,204,43,164,0,0.85,162,nan
9/1/2023 16:50:00,1.16.3,FR1,0,4.13,nan,1,Left,Left,205,43,164,0,nan,nan,0.08
9/1/2023 16:50:02,1.16.3,FR1,0,4.11,nan,1,LeftWithPellet,Left,206,43,164,0,nan,nan,0.03
9/1/2023 16:52:09,1.16.3,FR1,0,4.13,nan,1,LeftWithPellet,Left,207,43,164,0,nan,nan,0.11
9/1/2023 16:54:17,1.16.3,FR1,0,4.13,nan,1,RightWithPellet,Left,207,44,164,0,nan,nan,0.03
9/1/2023 16:54:23,1.16.3,FR1,0,4.12,nan,1,RightWithPellet,Left,207,45,164,0,nan,nan,0.03
9/1/2023 16:59:00,1.16.3,FR1,0,4.13,1,1,Pellet,Left,207,45,165,0,Timed_out,589,nan
9/1/2023 17:02:38,1.16.3,FR1,0,4.12,nan,1,Right,Left,207,46,165,0,nan,nan,0.05
9/1/2023 17:03:01,1.16.3,FR1,0,4.13,nan,1,Left,Left,208,46,165,0,nan,nan,0.04
9/1/2023 17:03:02,1.16.3,FR1,0,4.12,nan,1,LeftWithPellet,Left,209,46,165,0,nan,nan,0.05
9/1/2023 17:03:03,1.16.3,FR1,0,4.13,1,1,Pellet,Left,209,46,166,0,1.50,243,nan
9/1/2023 17:03:22,1.16.3,FR1,0,4.12,nan,1,Left,Left,210,46,166,0,nan,nan,0.10
9/1/2023 17:03:25,1.16.3,FR1,0,4.12,1,1,Pellet,Left,210,46,167,0,2.69,22,nan
9/1/2023 17:03:51,1.16.3,FR1,0,4.12,nan,1,Left,Left,211,46,167,0,nan,nan,0.13
9/1/2023 17:03:52,1.16.3,FR1,0,4.13,1,1,Pellet,Left,211,46,168,0,1.09,27,nan
9/1/2023 17:04:04,1.16.3,FR1,0,4.13,nan,1,Left,Left,212,46,168,0,nan,nan,0.03
9/1/2023 17:04:05,1.16.3,FR1,0,4.12,1,1,Pellet,Left,212,46,169,0,0.60,13,nan
9/1/2023 17:04:18,1.16.3,FR1,0,4.12,nan,1,Left,Left,213,46,169,0,nan,nan,0.02
9/1/2023 17:04:20,1.16.3,FR1,0,4.12,1,1,Pellet,Left,213,46,170,0,0.73,15,nan
9/1/2023 17:04:51,1.16.3,FR1,0,4.12,nan,1,Left,Left,214,46,170,0,nan,nan,0.17
9/1/2023 17:04:53,1.16.3,FR1,0,4.13,1,1,Pellet,Left,214,46,171,0,0.73,32,nan
9/1/2023 17:05:05,1.16.3,FR1,0,4.13,nan,1,Left,Left,215,46,171,0,nan,nan,0.04
9/1/2023 17:05:06,1.16.3,FR1,0,4.12,1,1,Pellet,Left,215,46,172,0,0.67,14,nan
9/1/2023 17:05:25,1.16.3,FR1,0,4.13,nan,1,Left,Left,216,46,172,0,nan,nan,0.07
9/1/2023 17:05:27,1.16.3,FR1,0,4.12,1,1,Pellet,Left,216,46,173,0,0.42,21,nan
9/1/2023 17:05:43,1.16.3,FR1,0,4.12,nan,1,Left,Left,217,46,173,0,nan,nan,0.04
9/1/2023 17:05:44,1.16.3,FR1,0,4.13,1,1,Pellet,Left,217,46,174,0,0.42,17,nan
9/1/2023 17:08:24,1.16.3,FR1,0,4.13,nan,1,Left,Left,218,46,174,0,nan,nan,0.08
9/1/2023 17:08:26,1.16.3,FR1,0,4.13,nan,1,LeftWithPellet,Left,219,46,174,0,nan,nan,0.00
9/1/2023 17:16:05,1.16.3,FR1,0,4.12,1,1,Pellet,Left,219,46,175,0,Timed_out,621,nan
9/1/2023 17:21:17,1.16.3,FR1,0,4.13,nan,1,Left,Left,220,46,175,0,nan,nan,0.21
9/1/2023 17:21:20,1.16.3,FR1,0,4.12,nan,1,LeftWithPellet,Left,221,46,175,0,nan,nan,0.12
9/1/2023 17:21:21,1.16.3,FR1,0,4.12,nan,1,LeftWithPellet,Left,222,46,175,0,nan,nan,0.11
9/1/2023 17:24:03,1.16.3,FR1,0,4.12,1,1,Pellet,Left,222,46,176,0,Timed_out,478,nan
9/1/2023 17:27:50,1.16.3,FR1,0,4.13,nan,1,Left,Left,223,46,176,0,nan,nan,0.17
9/1/2023 17:27:52,1.16.3,FR1,0,4.12,1,1,Pellet,Left,223,46,177,0,1.03,229,nan
9/1/2023 17:28:04,1.16.3,FR1,0,4.12,nan,1,Left,Left,224,46,177,0,nan,nan,0.04
9/1/2023 17:28:05,1.16.3,FR1,0,4.12,1,1,Pellet,Left,224,46,178,0,0.91,13,nan
9/1/2023 17:28:17,1.16.3,FR1,0,4.12,nan,1,Left,Left,225,46,178,0,nan,nan,0.11
9/1/2023 17:28:32,1.16.3,FR1,0,4.13,1,1,Pellet,Left,225,46,179,0,13.93,27,nan
9/1/2023 17:28:44,1.16.3,FR1,0,4.13,nan,1,Left,Left,226,46,179,0,nan,nan,0.25
9/1/2023 17:28:46,1.16.3,FR1,0,4.12,1,1,Pellet,Left,226,46,180,0,0.79,13,nan
9/1/2023 17:32:11,1.16.3,FR1,0,4.12,nan,1,Left,Left,227,46,180,0,nan,nan,0.20
9/1/2023 17:32:19,1.16.3,FR1,0,4.12,nan,1,LeftWithPellet,Left,228,46,180,0,nan,nan,0.02
9/1/2023 17:32:20,1.16.3,FR1,0,4.12,nan,1,LeftWithPellet,Left,229,46,180,0,nan,nan,0.10
9/1/2023 17:32:21,1.16.3,FR1,0,4.13,nan,1,LeftWithPellet,Left,230,46,180,0,nan,nan,0.14
9/1/2023 17:32:22,1.16.3,FR1,0,4.12,nan,1,LeftWithPellet,Left,231,46,180,0,nan,nan,0.43
9/1/2023 17:32:23,1.16.3,FR1,0,4.12,nan,1,LeftWithPellet,Left,232,46,180,0,nan,nan,0.27
9/1/2023 17:32:24,1.16.3,FR1,0,4.12,nan,1,LeftWithPellet,Left,233,46,180,0,nan,nan,0.03
9/1/2023 17:32:25,1.16.3,FR1,0,4.12,nan,1,LeftWithPellet,Left,234,46,180,0,nan,nan,0.16
9/1/2023 17:32:26,1.16.3,FR1,0,4.11,nan,1,LeftWithPellet,Left,235,46,180,0,nan,nan,0.18
9/1/2023 17:32:27,1.16.3,FR1,0,4.13,nan,1,LeftWithPellet,Left,236,46,180,0,nan,nan,0.19
9/1/2023 17:32:28,1.16.3,FR1,0,4.12,nan,1,LeftWithPellet,Left,237,46,180,0,nan,nan,0.45
9/1/2023 17:32:29,1.16.3,FR1,0,4.13,nan,1,LeftWithPellet,Left,238,46,180,0,nan,nan,0.71
9/1/2023 17:32:30,1.16.3,FR1,0,4.12,nan,1,LeftWithPellet,Left,239,46,180,0,nan,nan,0.34
9/1/2023 17:32:31,1.16.3,FR1,0,4.12,nan,1,LeftWithPellet,Left,240,46,180,0,nan,nan,0.04
9/1/2023 17:32:33,1.16.3,FR1,0,4.12,nan,1,LeftWithPellet,Left,241,46,180,0,nan,nan,0.60
9/1/2023 17:32:36,1.16.3,FR1,0,4.12,nan,1,LeftWithPellet,Left,242,46,180,0,nan,nan,0.43
9/1/2023 17:32:37,1.16.3,FR1,0,4.12,nan,1,LeftWithPellet,Left,243,46,180,0,nan,nan,0.22
9/1/2023 17:32:43,1.16.3,FR1,0,4.12,nan,1,LeftWithPellet,Left,244,46,180,0,nan,nan,0.16
9/1/2023 17:37:05,1.16.3,FR1,0,4.13,nan,1,LeftWithPellet,Left,245,46,180,0,nan,nan,0.22
9/1/2023 17:37:06,1.16.3,FR1,0,4.12,nan,1,LeftWithPellet,Left,246,46,180,0,nan,nan,1.13
9/1/2023 17:37:08,1.16.3,FR1,0,4.13,nan,1,LeftWithPellet,Left,247,46,180,0,nan,nan,0.78
9/1/2023 17:37:10,1.16.3,FR1,0,4.12,nan,1,LeftWithPellet,Left,248,46,180,0,nan,nan,0.22
9/1/2023 17:37:11,1.16.3,FR1,0,4.12,nan,1,LeftWithPellet,Left,249,46,180,0,nan,nan,0.39
9/1/2023 17:37:13,1.16.3,FR1,0,4.12,nan,1,LeftWithPellet,Left,250,46,180,0,nan,nan,0.72
9/1/2023 17:37:15,1.16.3,FR1,0,4.12,nan,1,LeftWithPellet,Left,251,46,180,0,nan,nan,0.20
9/1/2023 17:37:16,1.16.3,FR1,0,4.12,nan,1,LeftWithPellet,Left,252,46,180,0,nan,nan,0.15
9/1/2023 17:37:18,1.16.3,FR1,0,4.12,nan,1,LeftWithPellet,Left,253,46,180,0,nan,nan,0.41
9/1/2023 17:37:20,1.16.3,FR1,0,4.12,nan,1,LeftWithPellet,Left,254,46,180,0,nan,nan,0.13
9/1/2023 17:37:21,1.16.3,FR1,0,4.12,nan,1,LeftWithPellet,Left,255,46,180,0,nan,nan,0.38
9/1/2023 17:37:23,1.16.3,FR1,0,4.12,nan,1,LeftWithPellet,Left,256,46,180,0,nan,nan,0.11
9/1/2023 17:38:56,1.16.3,FR1,0,4.12,nan,1,LeftWithPellet,Left,257,46,180,0,nan,nan,0.01
9/1/2023 17:39:05,1.16.3,FR1,0,4.12,1,1,Pellet,Left,257,46,181,0,Timed_out,620,nan
9/1/2023 17:40:23,1.16.3,FR1,0,4.12,nan,1,Left,Left,258,46,181,0,nan,nan,0.13
9/1/2023 17:40:26,1.16.3,FR1,0,4.12,1,1,Pellet,Left,258,46,182,0,2.44,81,nan
9/1/2023 17:41:26,1.16.3,FR1,0,4.13,nan,1,Left,Left,259,46,182,0,nan,nan,0.29
9/1/2023 17:41:28,1.16.3,FR1,0,4.13,1,1,Pellet,Left,259,46,183,0,1.52,62,nan
9/1/2023 17:41:31,1.16.3,FR1,0,4.13,nan,1,Left,Left,260,46,183,0,nan,nan,0.17
9/1/2023 17:41:33,1.16.3,FR1,0,4.12,1,1,Pellet,Left,260,46,184,0,0.91,5,nan
9/1/2023 17:41:43,1.16.3,FR1,0,4.12,nan,1,Left,Left,261,46,184,0,nan,nan,0.11
9/1/2023 17:41:44,1.16.3,FR1,0,4.11,1,1,Pellet,Left,261,46,185,0,0.85,11,nan
9/1/2023 17:41:56,1.16.3,FR1,0,4.12,nan,1,Left,Left,262,46,185,0,nan,nan,0.07
9/1/2023 17:41:59,1.16.3,FR1,0,4.12,nan,1,LeftWithPellet,Left,263,46,185,0,nan,nan,0.16
9/1/2023 17:42:01,1.16.3,FR1,0,4.12,nan,1,RightWithPellet,Left,263,47,185,0,nan,nan,0.16
9/1/2023 17:42:01,1.16.3,FR1,0,4.13,nan,1,RightWithPellet,Left,263,48,185,0,nan,nan,0.02
9/1/2023 17:49:08,1.16.3,FR1,0,4.12,nan,1,LeftWithPellet,Left,264,48,185,0,nan,nan,0.06
9/1/2023 17:54:17,1.16.3,FR1,0,4.12,1,1,Pellet,Left,264,48,186,0,Timed_out,753,nan
9/1/2023 18:02:04,1.16.3,FR1,0,4.12,nan,1,Left,Left,265,48,186,0,nan,nan,0.32
9/1/2023 18:02:06,1.16.3,FR1,0,4.12,1,1,Pellet,Left,265,48,187,0,1.03,469,nan
9/1/2023 18:02:08,1.16.3,FR1,0,4.12,nan,1,Left,Left,266,48,187,0,nan,nan,0.19
9/1/2023 18:03:24,1.16.3,FR1,0,4.12,2,1,Pellet,Left,266,48,188,0,Timed_out,78,nan
9/1/2023 18:04:02,1.16.3,FR1,0,4.12,nan,1,Left,Left,267,48,188,0,nan,nan,0.07
9/1/2023 18:04:08,1.16.3,FR1,0,4.12,1,1,Pellet,Left,267,48,189,0,5.14,44,nan
9/1/2023 18:04:18,1.16.3,FR1,0,4.12,nan,1,Left,Left,268,48,189,0,nan,nan,0.13
9/1/2023 18:04:20,1.16.3,FR1,0,4.12,1,1,Pellet,Left,268,48,190,0,0.79,12,nan
9/1/2023 18:04:36,1.16.3,FR1,0,4.12,nan,1,Left,Left,269,48,190,0,nan,nan,0.16
9/1/2023 18:04:38,1.16.3,FR1,0,4.12,1,1,Pellet,Left,269,48,191,0,1.46,18,nan
9/1/2023 18:05:02,1.16.3,FR1,0,4.12,nan,1,Left,Left,270,48,191,0,nan,nan,0.19
9/1/2023 18:09:38,1.16.3,FR1,0,4.12,1,1,Pellet,Left,270,48,192,0,Timed_out,300,nan
9/1/2023 18:18:44,1.16.3,FR1,0,4.12,nan,1,Left,Left,271,48,192,0,nan,nan,0.19
9/1/2023 18:18:44,1.16.3,FR1,0,4.12,nan,1,LeftDuringDispense,Left,272,48,192,0,nan,nan,0.15
9/1/2023 18:18:48,1.16.3,FR1,0,4.12,nan,1,LeftWithPellet,Left,273,48,192,0,nan,nan,0.22
9/1/2023 18:19:39,1.16.3,FR1,0,4.12,2,1,Pellet,Left,273,48,193,0,52.13,601,nan
9/1/2023 18:25:12,1.16.3,FR1,0,4.12,nan,1,Left,Left,274,48,193,0,nan,nan,0.32
9/1/2023 18:26:04,1.16.3,FR1,0,4.12,nan,1,LeftWithPellet,Left,275,48,193,0,nan,nan,0.30
9/1/2023 18:26:06,1.16.3,FR1,0,4.12,nan,1,LeftWithPellet,Left,276,48,193,0,nan,nan,0.07
9/1/2023 18:26:09,1.16.3,FR1,0,4.12,2,1,Pellet,Left,276,48,194,0,55.21,390,nan
9/1/2023 18:26:37,1.16.3,FR1,0,4.12,nan,1,Left,Left,277,48,194,0,nan,nan,0.04
9/1/2023 18:26:40,1.16.3,FR1,0,4.12,1,1,Pellet,Left,277,48,195,0,2.44,31,nan
9/1/2023 18:26:41,1.16.3,FR1,0,4.12,nan,1,Left,Left,278,48,195,0,nan,nan,0.09
9/1/2023 18:30:08,1.16.3,FR1,0,4.12,1,1,Pellet,Left,278,48,196,0,Timed_out,208,nan
9/1/2023 18:34:26,1.16.3,FR1,0,4.12,nan,1,Right,Left,278,49,196,0,nan,nan,0.06
9/1/2023 18:35:52,1.16.3,FR1,0,4.12,nan,1,Left,Left,279,49,196,0,nan,nan,0.07
9/1/2023 18:35:53,1.16.3,FR1,0,4.12,nan,1,LeftWithPellet,Left,280,49,196,0,nan,nan,0.15
9/1/2023 18:35:54,1.16.3,FR1,0,4.12,nan,1,LeftWithPellet,Left,281,49,196,0,nan,nan,0.14
9/1/2023 18:36:35,1.16.3,FR1,0,4.12,1,1,Pellet,Left,281,49,197,0,42.78,387,nan
9/1/2023 18:36:46,1.16.3,FR1,0,4.12,nan,1,Left,Left,282,49,197,0,nan,nan,0.05
9/1/2023 18:36:48,1.16.3,FR1,0,4.12,1,1,Pellet,Left,282,49,198,0,1.22,13,nan
9/1/2023 18:36:57,1.16.3,FR1,0,4.12,nan,1,Left,Left,283,49,198,0,nan,nan,0.12
9/1/2023 18:36:59,1.16.3,FR1,0,4.12,1,1,Pellet,Left,283,49,199,0,0.67,11,nan
9/1/2023 18:39:37,1.16.3,FR1,0,4.12,nan,1,Left,Left,284,49,199,0,nan,nan,0.08
9/1/2023 18:40:51,1.16.3,FR1,0,4.12,1,1,Pellet,Left,284,49,200,0,Timed_out,232,nan
9/1/2023 18:41:05,1.16.3,FR1,0,4.12,nan,1,Left,Left,285,49,200,0,nan,nan,0.17
9/1/2023 18:45:35,1.16.3,FR1,0,4.12,1,1,Pellet,Left,285,49,201,0,Timed_out,284,nan
9/1/2023 18:45:38,1.16.3,FR1,0,4.12,nan,1,Left,Left,286,49,201,0,nan,nan,0.10
9/1/2023 18:46:25,1.16.3,FR1,0,4.12,1,1,Pellet,Left,286,49,202,0,46.38,50,nan
9/1/2023 18:46:42,1.16.3,FR1,0,4.12,nan,1,Left,Left,287,49,202,0,nan,nan,0.13
9/1/2023 18:48:53,1.16.3,FR1,0,4.12,nan,1,LeftWithPellet,Left,288,49,202,0,nan,nan,0.12
9/1/2023 18:49:51,1.16.3,FR1,0,4.12,nan,1,RightWithPellet,Left,288,50,202,0,nan,nan,0.18
9/1/2023 18:54:06,1.16.3,FR1,0,4.12,1,1,Pellet,Left,288,50,203,0,Timed_out,461,nan
9/1/2023 18:54:13,1.16.3,FR1,0,4.12,nan,1,Left,Left,289,50,203,0,nan,nan,0.17
9/1/2023 18:54:14,1.16.3,FR1,0,4.12,1,1,Pellet,Left,289,50,204,0,0.36,8,nan
9/1/2023 18:54:42,1.16.3,FR1,0,4.12,nan,1,Left,Left,290,50,204,0,nan,nan,0.06
9/1/2023 18:54:43,1.16.3,FR1,0,4.12,1,1,Pellet,Left,290,50,205,0,0.67,29,nan
9/1/2023 19:17:22,1.16.3,FR1,0,4.12,nan,1,Left,Left,291,50,205,0,nan,nan,0.18
9/1/2023 19:17:25,1.16.3,FR1,0,4.12,1,1,Pellet,Left,291,50,206,0,2.01,1362,nan
9/1/2023 19:19:47,1.16.3,FR1,0,4.12,nan,1,Left,Left,292,50,206,0,nan,nan,0.05
9/1/2023 19:19:48,1.16.3,FR1,0,4.12,1,1,Pellet,Left,292,50,207,0,0.42,143,nan
9/1/2023 19:20:21,1.16.3,FR1,0,4.12,nan,1,Left,Left,293,50,207,0,nan,nan,0.17
9/1/2023 19:20:22,1.16.3,FR1,0,4.12,1,1,Pellet,Left,293,50,208,0,0.55,34,nan
9/1/2023 19:20:36,1.16.3,FR1,0,4.12,nan,1,Left,Left,294,50,208,0,nan,nan,0.09
9/1/2023 19:20:38,1.16.3,FR1,0,4.12,1,1,Pellet,Left,294,50,209,0,0.97,16,nan
9/1/2023 19:36:18,1.16.3,FR1,0,4.12,nan,1,Left,Left,295,50,209,0,nan,nan,0.07
9/1/2023 19:39:27,1.16.3,FR1,0,4.12,1,1,Pellet,Left,295,50,210,0,Timed_out,1129,nan
9/1/2023 23:51:45,1.16.3,FR1,0,4.11,nan,1,Right,Left,295,51,210,0,nan,nan,0.08
9/1/2023 23:52:48,1.16.3,FR1,0,4.11,nan,1,Left,Left,296,51,210,0,nan,nan,0.18
9/1/2023 23:52:50,1.16.3,FR1,0,4.11,1,1,Pellet,Left,296,51,211,0,0.73,15203,nan
9/1/2023 23:53:19,1.16.3,FR1,0,4.11,nan,1,Left,Left,297,51,211,0,nan,nan,0.12
9/1/2023 23:53:21,1.16.3,FR1,0,4.11,1,1,Pellet,Left,297,51,212,0,0.85,31,nan
9/1/2023 23:53:40,1.16.3,FR1,0,4.11,nan,1,Left,Left,298,51,212,0,nan,nan,0.14
9/1/2023 23:53:42,1.16.3,FR1,0,4.11,1,1,Pellet,Left,298,51,213,0,0.48,21,nan
9/1/2023 23:53:58,1.16.3,FR1,0,4.11,nan,1,Left,Left,299,51,213,0,nan,nan,0.14
9/1/2023 23:53:59,1.16.3,FR1,0,4.11,1,1,Pellet,Left,299,51,214,0,0.48,17,nan
9/1/2023 23:54:20,1.16.3,FR1,0,4.11,nan,1,Left,Left,300,51,214,0,nan,nan,0.17
9/1/2023 23:54:22,1.16.3,FR1,0,4.11,1,1,Pellet,Left,300,51,215,0,0.54,23,nan
9/1/2023 23:56:10,1.16.3,FR1,0,4.11,nan,1,Left,Left,301,51,215,0,nan,nan,0.04
9/1/2023 23:56:20,1.16.3,FR1,0,4.11,1,1,Pellet,Left,301,51,216,0,8.64,117,nan
9/2/2023 0:04:43,1.16.3,FR1,0,4.11,nan,1,Left,Left,302,51,216,0,nan,nan,0.11
9/2/2023 0:12:46,1.16.3,FR1,0,4.11,nan,1,LeftWithPellet,Left,303,51,216,0,nan,nan,0.21
9/2/2023 0:12:48,1.16.3,FR1,0,4.11,2,1,Pellet,Left,303,51,217,0,Timed_out,989,nan
9/2/2023 0:12:53,1.16.3,FR1,0,4.11,nan,1,Left,Left,304,51,217,0,nan,nan,0.14
9/2/2023 0:12:55,1.16.3,FR1,0,4.11,1,1,Pellet,Left,304,51,218,0,0.54,6,nan
9/2/2023 0:13:11,1.16.3,FR1,0,4.11,nan,1,Left,Left,305,51,218,0,nan,nan,0.16
9/2/2023 0:13:12,1.16.3,FR1,0,4.11,2,1,Pellet,Left,305,51,219,0,0.36,18,nan
9/2/2023 0:13:30,1.16.3,FR1,0,4.11,nan,1,Left,Left,306,51,219,0,nan,nan,0.04
9/2/2023 0:13:34,1.16.3,FR1,0,4.11,2,1,Pellet,Left,306,51,220,0,0.85,22,nan
9/2/2023 0:13:49,1.16.3,FR1,0,4.11,nan,1,Left,Left,307,51,220,0,nan,nan,0.02
9/2/2023 0:13:51,1.16.3,FR1,0,4.11,2,1,Pellet,Left,307,51,221,0,1.40,17,nan
9/2/2023 0:14:05,1.16.3,FR1,0,4.11,nan,1,Left,Left,308,51,221,0,nan,nan,0.15
9/2/2023 0:14:07,1.16.3,FR1,0,4.11,nan,1,LeftWithPellet,Left,309,51,221,0,nan,nan,0.01
9/2/2023 0:14:09,1.16.3,FR1,0,4.11,1,1,Pellet,Left,309,51,222,0,2.93,18,nan
9/2/2023 0:14:28,1.16.3,FR1,0,4.11,nan,1,Left,Left,310,51,222,0,nan,nan,0.00
9/2/2023 0:14:29,1.16.3,FR1,0,4.11,1,1,Pellet,Left,310,51,223,0,0.67,20,nan
9/2/2023 3:16:12,1.16.3,FR1,0,4.10,nan,1,Left,Left,311,51,223,0,nan,nan,0.01
9/2/2023 3:16:13,1.16.3,FR1,0,4.11,nan,1,LeftWithPellet,Left,312,51,223,0,nan,nan,0.35
9/2/2023 3:16:15,1.16.3,FR1,0,4.10,1,1,Pellet,Left,312,51,224,0,1.92,10906,nan
9/2/2023 3:16:35,1.16.3,FR1,0,4.10,nan,1,Left,Left,313,51,224,0,nan,nan,0.02
9/2/2023 3:16:38,1.16.3,FR1,0,4.10,1,1,Pellet,Left,313,51,225,0,1.58,23,nan
9/2/2023 3:17:00,1.16.3,FR1,0,4.09,nan,1,Left,Left,314,51,225,0,nan,nan,0.09
9/2/2023 3:17:00,1.16.3,FR1,0,4.11,nan,1,LeftDuringDispense,Left,315,51,225,0,nan,nan,0.03
9/2/2023 3:17:04,1.16.3,FR1,0,4.10,nan,1,LeftDuringDispense,Left,316,51,225,0,nan,nan,0.27
9/2/2023 3:17:05,1.16.3,FR1,0,4.10,2,1,Pellet,Left,316,51,226,0,1.52,27,nan
9/2/2023 3:17:24,1.16.3,FR1,0,4.10,nan,1,Left,Left,317,51,226,0,nan,nan,0.10
9/2/2023 3:17:27,1.16.3,FR1,0,4.10,2,1,Pellet,Left,317,51,227,0,1.34,22,nan
9/2/2023 3:17:45,1.16.3,FR1,0,4.10,nan,1,Left,Left,318,51,227,0,nan,nan,0.57
9/2/2023 3:17:46,1.16.3,FR1,0,4.10,2,1,Pellet,Left,318,51,228,0,0.67,19,nan
9/2/2023 3:18:02,1.16.3,FR1,0,4.10,nan,1,Left,Left,319,51,228,0,nan,nan,0.07
9/2/2023 3:18:04,1.16.3,FR1,0,4.10,1,1,Pellet,Left,319,51,229,0,1.52,18,nan
9/2/2023 3:31:02,1.16.3,FR1,0,4.10,nan,1,Left,Left,320,51,229,0,nan,nan,0.16
9/2/2023 3:31:04,1.16.3,FR1,0,4.10,1,1,Pellet,Left,320,51,230,0,0.55,780,nan
9/2/2023 5:18:34,1.16.3,FR1,0,4.09,nan,1,Left,Left,321,51,230,0,nan,nan,0.07
9/2/2023 5:18:38,1.16.3,FR1,0,4.10,nan,1,LeftWithPellet,Left,322,51,230,0,nan,nan,0.11
9/2/2023 5:18:49,1.16.3,FR1,0,4.09,1,1,Pellet,Left,322,51,231,0,14.28,6465,nan
9/2/2023 5:18:57,1.16.3,FR1,0,4.10,nan,1,Left,Left,323,51,231,0,nan,nan,0.19
9/2/2023 5:18:58,1.16.3,FR1,0,4.10,1,1,Pellet,Left,323,51,232,0,0.48,9,nan
9/2/2023 5:19:14,1.16.3,FR1,0,4.10,nan,1,Left,Left,324,51,232,0,nan,nan,0.12
9/2/2023 5:19:15,1.16.3,FR1,0,4.09,1,1,Pellet,Left,324,51,233,0,0.91,17,nan
9/2/2023 5:19:54,1.16.3,FR1,0,4.10,nan,1,Left,Left,325,51,233,0,nan,nan,0.10
9/2/2023 5:19:56,1.16.3,FR1,0,4.10,1,1,Pellet,Left,325,51,234,0,0.73,41,nan
9/2/2023 5:20:13,1.16.3,FR1,0,4.09,nan,1,Left,Left,326,51,234,0,nan,nan,0.21
9/2/2023 5:20:14,1.16.3,FR1,0,4.10,1,1,Pellet,Left,326,51,235,0,0.48,18,nan
9/2/2023 5:21:07,1.16.3,FR1,0,4.10,nan,1,Left,Left,327,51,235,0,nan,nan,0.25
9/2/2023 5:21:08,1.16.3,FR1,0,4.09,1,1,Pellet,Left,327,51,236,0,0.48,54,nan
9/2/2023 5:21:31,1.16.3,FR1,0,4.10,nan,1,Left,Left,328,51,236,0,nan,nan,0.31
9/2/2023 5:21:32,1.16.3,FR1,0,4.10,1,1,Pellet,Left,328,51,237,0,0.42,24,nan
9/2/2023 5:25:02,1.16.3,FR1,0,4.10,nan,1,Left,Left,329,51,237,0,nan,nan,0.35
9/2/2023 5:25:04,1.16.3,FR1,0,4.10,1,1,Pellet,Left,329,51,238,0,1.52,212,nan
9/2/2023 6:03:05,1.16.3,FR1,0,4.09,nan,1,Left,Left,330,51,238,0,nan,nan,0.22
9/2/2023 6:03:07,1.16.3,FR1,0,4.09,1,1,Pellet,Left,330,51,239,0,0.73,2283,nan
9/2/2023 6:03:31,1.16.3,FR1,0,4.09,nan,1,Left,Left,331,51,239,0,nan,nan,0.12
9/2/2023 6:03:32,1.16.3,FR1,0,4.09,1,1,Pellet,Left,331,51,240,0,0.55,25,nan
9/2/2023 6:04:29,1.16.3,FR1,0,4.09,nan,1,Left,Left,332,51,240,0,nan,nan,0.19
9/2/2023 6:04:30,1.16.3,FR1,0,4.09,1,1,Pellet,Left,332,51,241,0,0.30,57,nan
9/2/2023 6:05:21,1.16.3,FR1,0,4.09,nan,1,Left,Left,333,51,241,0,nan,nan,0.06
9/2/2023 6:05:22,1.16.3,FR1,0,4.09,nan,1,LeftDuringDispense,Left,334,51,241,0,nan,nan,0.16
9/2/2023 6:05:25,1.16.3,FR1,0,4.09,nan,1,LeftDuringDispense,Left,335,51,241,0,nan,nan,0.26
9/2/2023 6:05:27,1.16.3,FR1,0,4.09,nan,1,LeftDuringDispense,Left,336,51,241,0,nan,nan,0.09
9/2/2023 6:05:30,1.16.3,FR1,0,4.09,nan,1,LeftDuringDispense,Left,337,51,241,0,nan,nan,0.39
9/2/2023 6:05:33,1.16.3,FR1,0,4.09,nan,1,LeftWithPellet,Left,338,51,241,0,nan,nan,0.21
9/2/2023 6:05:35,1.16.3,FR1,0,4.09,5,1,Pellet,Left,338,51,242,0,2.21,66,nan
9/2/2023 6:05:59,1.16.3,FR1,0,4.09,nan,1,Left,Left,339,51,242,0,nan,nan,0.23
9/2/2023 6:06:31,1.16.3,FR1,0,4.10,1,1,Pellet,Left,339,51,243,0,30.57,56,nan
9/2/2023 6:06:38,1.16.3,FR1,0,4.09,nan,1,Left,Left,340,51,243,0,nan,nan,0.01
9/2/2023 6:06:39,1.16.3,FR1,0,4.09,1,1,Pellet,Left,340,51,244,0,0.79,8,nan
9/2/2023 6:32:28,1.16.3,FR1,0,4.09,nan,1,Left,Left,341,51,244,0,nan,nan,0.15
9/2/2023 6:32:30,1.16.3,FR1,0,4.09,2,1,Pellet,Left,341,51,245,0,0.30,1551,nan
9/2/2023 6:32:48,1.16.3,FR1,0,4.09,nan,1,Left,Left,342,51,245,0,nan,nan,0.15
9/2/2023 6:32:49,1.16.3,FR1,0,4.09,1,1,Pellet,Left,342,51,246,0,0.48,19,nan
9/2/2023 6:33:03,1.16.3,FR1,0,4.09,nan,1,Left,Left,343,51,246,0,nan,nan,0.02
9/2/2023 6:33:05,1.16.3,FR1,0,4.09,1,1,Pellet,Left,343,51,247,0,0.42,15,nan
9/2/2023 6:33:21,1.16.3,FR1,0,4.10,nan,1,Left,Left,344,51,247,0,nan,nan,0.04
9/2/2023 6:33:47,1.16.3,FR1,0,4.10,nan,1,LeftWithPellet,Left,345,51,247,0,nan,nan,0.18
9/2/2023 6:33:49,1.16.3,FR1,0,4.09,nan,1,LeftWithPellet,Left,346,51,247,0,nan,nan,0.13
9/2/2023 6:33:50,1.16.3,FR1,0,4.10,1,1,Pellet,Left,346,51,248,0,28.50,46,nan
9/2/2023 6:33:57,1.16.3,FR1,0,4.09,nan,1,Left,Left,347,51,248,0,nan,nan,0.09
9/2/2023 6:33:58,1.16.3,FR1,0,4.09,1,1,Pellet,Left,347,51,249,0,0.42,8,nan
9/2/2023 6:34:12,1.16.3,FR1,0,4.09,nan,1,Left,Left,348,51,249,0,nan,nan,0.19
9/2/2023 6:34:57,1.16.3,FR1,0,4.09,nan,1,LeftWithPellet,Left,349,51,249,0,nan,nan,0.07
9/2/2023 6:34:58,1.16.3,FR1,0,4.09,nan,1,LeftWithPellet,Left,350,51,249,0,nan,nan,0.09
9/2/2023 6:34:58,1.16.3,FR1,0,4.09,nan,1,LeftWithPellet,Left,351,51,249,0,nan,nan,0.09
9/2/2023 6:35:00,1.16.3,FR1,0,4.09,nan,1,LeftWithPellet,Left,352,51,249,0,nan,nan,0.01
9/2/2023 6:35:00,1.16.3,FR1,0,4.09,nan,1,LeftWithPellet,Left,353,51,249,0,nan,nan,0.05
9/2/2023 6:35:01,1.16.3,FR1,0,4.09,nan,1,LeftWithPellet,Left,354,51,249,0,nan,nan,0.12
9/2/2023 6:35:41,1.16.3,FR1,0,4.09,nan,1,LeftWithPellet,Left,355,51,249,0,nan,nan,0.07
9/2/2023 6:35:49,1.16.3,FR1,0,4.09,nan,1,LeftWithPellet,Left,356,51,249,0,nan,nan,0.18
9/2/2023 6:35:53,1.16.3,FR1,0,4.09,nan,1,LeftWithPellet,Left,357,51,249,0,nan,nan,0.21
9/2/2023 6:37:06,1.16.3,FR1,0,4.10,nan,1,RightWithPellet,Left,357,52,249,0,nan,nan,0.13
9/2/2023 6:37:08,1.16.3,FR1,0,4.09,nan,1,RightWithPellet,Left,357,53,249,0,nan,nan,0.83
9/2/2023 6:37:09,1.16.3,FR1,0,4.09,nan,1,RightWithPellet,Left,357,54,249,0,nan,nan,0.24
9/2/2023 6:37:11,1.16.3,FR1,0,4.09,nan,1,RightWithPellet,Left,357,55,249,0,nan,nan,0.09
9/2/2023 6:37:16,1.16.3,FR1,0,4.09,nan,1,RightWithPellet,Left,357,56,249,0,nan,nan,0.08
9/2/2023 6:37:23,1.16.3,FR1,0,4.09,nan,1,LeftWithPellet,Left,358,56,249,0,nan,nan,0.28
9/2/2023 6:37:25,1.16.3,FR1,0,4.09,nan,1,LeftWithPellet,Left,359,56,249,0,nan,nan,0.21
9/2/2023 6:37:27,1.16.3,FR1,0,4.09,nan,1,LeftWithPellet,Left,360,56,249,0,nan,nan,0.05
9/2/2023 6:37:32,1.16.3,FR1,0,4.09,1,1,Pellet,Left,360,56,250,0,Timed_out,214,nan
9/2/2023 6:37:35,1.16.3,FR1,0,4.09,nan,1,Left,Left,361,56,250,0,nan,nan,0.13
9/2/2023 6:37:37,1.16.3,FR1,0,4.09,2,1,Pellet,Left,361,56,251,0,0.06,5,nan
9/2/2023 6:37:47,1.16.3,FR1,0,4.10,nan,1,Left,Left,362,56,251,0,nan,nan,0.02
9/2/2023 6:37:48,1.16.3,FR1,0,4.09,1,1,Pellet,Left,362,56,252,0,0.42,11,nan
9/2/2023 6:38:21,1.16.3,FR1,0,4.09,nan,1,Left,Left,363,56,252,0,nan,nan,0.10
9/2/2023 6:38:22,1.16.3,FR1,0,4.09,1,1,Pellet,Left,363,56,253,0,0.30,34,nan
9/2/2023 6:38:49,1.16.3,FR1,0,4.09,nan,1,Left,Left,364,56,253,0,nan,nan,0.18
9/2/2023 6:38:50,1.16.3,FR1,0,4.09,1,1,Pellet,Left,364,56,254,0,0.36,28,nan
9/2/2023 6:40:20,1.16.3,FR1,0,4.09,nan,1,Left,Left,365,56,254,0,nan,nan,0.39
9/2/2023 6:40:23,1.16.3,FR1,0,4.09,2,1,Pellet,Left,365,56,255,0,0.79,93,nan
9/2/2023 6:40:37,1.16.3,FR1,0,4.09,nan,1,Left,Left,366,56,255,0,nan,nan,0.13
9/2/2023 6:40:40,1.16.3,FR1,0,4.09,1,1,Pellet,Left,366,56,256,0,1.71,17,nan
9/2/2023 6:40:59,1.16.3,FR1,0,4.09,nan,1,Left,Left,367,56,256,0,nan,nan,0.33
9/2/2023 6:41:00,1.16.3,FR1,0,4.09,1,1,Pellet,Left,367,56,257,0,0.79,20,nan
9/2/2023 6:41:19,1.16.3,FR1,0,4.09,nan,1,Left,Left,368,56,257,0,nan,nan,0.00
9/2/2023 6:41:19,1.16.3,FR1,0,4.09,nan,1,LeftDuringDispense,Left,369,56,257,0,nan,nan,0.13
9/2/2023 6:41:23,1.16.3,FR1,0,4.09,2,1,Pellet,Left,369,56,258,0,0.97,23,nan
9/2/2023 6:52:01,1.16.3,FR1,0,4.09,nan,1,Left,Left,370,56,258,0,nan,nan,0.16
9/2/2023 6:52:02,1.16.3,FR1,0,4.09,1,1,Pellet,Left,370,56,259,0,0.55,639,nan
9/2/2023 7:01:13,1.16.3,FR1,0,4.09,nan,1,Left,Left,371,56,259,0,nan,nan,0.14
9/2/2023 7:01:15,1.16.3,FR1,0,4.10,1,1,Pellet,Left,371,56,260,0,0.91,553,nan
9/2/2023 7:04:00,1.16.3,FR1,0,4.09,nan,1,Left,Left,372,56,260,0,nan,nan,0.11
9/2/2023 7:04:02,1.16.3,FR1,0,4.09,nan,1,LeftWithPellet,Left,373,56,260,0,nan,nan,0.10
9/2/2023 7:12:34,1.16.3,FR1,0,4.09,nan,1,LeftWithPellet,Left,374,56,260,0,nan,nan,0.02
9/2/2023 7:21:17,1.16.3,FR1,0,4.09,nan,1,LeftWithPellet,Left,375,56,260,0,nan,nan,0.06
9/2/2023 7:21:18,1.16.3,FR1,0,4.09,nan,1,LeftWithPellet,Left,376,56,260,0,nan,nan,0.07
9/2/2023 7:21:21,1.16.3,FR1,0,4.09,nan,1,LeftWithPellet,Left,377,56,260,0,nan,nan,0.16
9/2/2023 7:21:24,1.16.3,FR1,0,4.09,nan,1,LeftWithPellet,Left,378,56,260,0,nan,nan,0.12
9/2/2023 7:21:26,1.16.3,FR1,0,4.09,nan,1,LeftWithPellet,Left,379,56,260,0,nan,nan,0.21
9/2/2023 7:21:28,1.16.3,FR1,0,4.09,nan,1,LeftWithPellet,Left,380,56,260,0,nan,nan,0.11
9/2/2023 7:21:37,1.16.3,FR1,0,4.09,nan,1,LeftWithPellet,Left,381,56,260,0,nan,nan,0.15
9/2/2023 7:21:38,1.16.3,FR1,0,4.09,nan,1,LeftWithPellet,Left,382,56,260,0,nan,nan,0.18
9/2/2023 7:21:40,1.16.3,FR1,0,4.09,nan,1,LeftWithPellet,Left,383,56,260,0,nan,nan,0.16
9/2/2023 7:21:41,1.16.3,FR1,0,4.09,nan,1,LeftWithPellet,Left,384,56,260,0,nan,nan,0.21
9/2/2023 7:21:45,1.16.3,FR1,0,4.09,nan,1,RightWithPellet,Left,384,57,260,0,nan,nan,0.06
9/2/2023 7:21:49,1.16.3,FR1,0,4.09,nan,1,LeftWithPellet,Left,385,57,260,0,nan,nan,0.10
9/2/2023 7:21:50,1.16.3,FR1,0,4.10,nan,1,LeftWithPellet,Left,386,57,260,0,nan,nan,0.15
9/2/2023 7:21:51,1.16.3,FR1,0,4.09,nan,1,LeftWithPellet,Left,387,57,260,0,nan,nan,0.27
9/2/2023 7:21:53,1.16.3,FR1,0,4.09,nan,1,LeftWithPellet,Left,388,57,260,0,nan,nan,0.31
9/2/2023 7:21:54,1.16.3,FR1,0,4.09,nan,1,LeftWithPellet,Left,389,57,260,0,nan,nan,0.11
9/2/2023 7:22:52,1.16.3,FR1,0,4.09,nan,1,LeftWithPellet,Left,390,57,260,0,nan,nan,0.15
9/2/2023 7:22:54,1.16.3,FR1,0,4.09,nan,1,LeftWithPellet,Left,391,57,260,0,nan,nan,0.12
9/2/2023 7:22:54,1.16.3,FR1,0,4.09,nan,1,LeftWithPellet,Left,392,57,260,0,nan,nan,0.13
9/2/2023 7:22:58,1.16.3,FR1,0,4.09,nan,1,LeftWithPellet,Left,393,57,260,0,nan,nan,0.20
9/2/2023 7:23:00,1.16.3,FR1,0,4.09,1,1,Pellet,Left,393,57,261,0,Timed_out,1305,nan
9/2/2023 7:23:25,1.16.3,FR1,0,4.09,nan,1,Left,Left,394,57,261,0,nan,nan,0.04
9/2/2023 7:23:26,1.16.3,FR1,0,4.09,2,1,Pellet,Left,394,57,262,0,0.30,26,nan
9/2/2023 7:23:46,1.16.3,FR1,0,4.09,nan,1,Left,Left,395,57,262,0,nan,nan,0.10
9/2/2023 7:23:47,1.16.3,FR1,0,4.09,1,1,Pellet,Left,395,57,263,0,0.36,21,nan
9/2/2023 7:24:04,1.16.3,FR1,0,4.09,nan,1,Left,Left,396,57,263,0,nan,nan,0.04
9/2/2023 7:24:06,1.16.3,FR1,0,4.09,1,1,Pellet,Left,396,57,264,0,0.48,19,nan
9/2/2023 7:24:33,1.16.3,FR1,0,4.09,nan,1,Left,Left,397,57,264,0,nan,nan,0.04
9/2/2023 7:24:34,1.16.3,FR1,0,4.09,1,1,Pellet,Left,397,57,265,0,0.42,28,nan
9/2/2023 7:24:50,1.16.3,FR1,0,4.09,nan,1,Left,Left,398,57,265,0,nan,nan,0.03
9/2/2023 7:24:52,1.16.3,FR1,0,4.09,1,1,Pellet,Left,398,57,266,0,0.36,18,nan
9/2/2023 7:25:12,1.16.3,FR1,0,4.09,nan,1,Left,Left,399,57,266,0,nan,nan,0.07
9/2/2023 7:25:13,1.16.3,FR1,0,4.09,1,1,Pellet,Left,399,57,267,0,0.24,21,nan
9/2/2023 7:25:29,1.16.3,FR1,0,4.09,nan,1,Left,Left,400,57,267,0,nan,nan,0.04
9/2/2023 7:25:32,1.16.3,FR1,0,4.09,1,1,Pellet,Left,400,57,268,0,2.38,19,nan
9/2/2023 7:25:54,1.16.3,FR1,0,4.09,nan,1,Left,Left,401,57,268,0,nan,nan,0.10
9/2/2023 7:25:55,1.16.3,FR1,0,4.09,1,1,Pellet,Left,401,57,269,0,0.30,23,nan
9/2/2023 8:03:55,1.16.3,FR1,0,4.09,nan,1,Left,Left,402,57,269,0,nan,nan,0.21
9/2/2023 8:03:56,1.16.3,FR1,0,4.09,1,1,Pellet,Left,402,57,270,0,0.42,2281,nan
9/2/2023 8:04:04,1.16.3,FR1,0,4.09,nan,1,Left,Left,403,57,270,0,nan,nan,0.08
9/2/2023 8:04:05,1.16.3,FR1,0,4.09,1,1,Pellet,Left,403,57,271,0,0.36,9,nan
9/2/2023 8:04:22,1.16.3,FR1,0,4.09,nan,1,Left,Left,404,57,271,0,nan,nan,0.03
9/2/2023 8:04:27,1.16.3,FR1,0,4.09,nan,1,LeftWithPellet,Left,405,57,271,0,nan,nan,0.05
9/2/2023 8:04:28,1.16.3,FR1,0,4.09,nan,1,LeftWithPellet,Left,406,57,271,0,nan,nan,0.09
9/2/2023 8:04:29,1.16.3,FR1,0,4.09,nan,1,LeftWithPellet,Left,407,57,271,0,nan,nan,0.02
9/2/2023 8:04:31,1.16.3,FR1,0,4.09,nan,1,LeftWithPellet,Left,408,57,271,0,nan,nan,0.15
9/2/2023 8:04:32,1.16.3,FR1,0,4.09,nan,1,LeftWithPellet,Left,409,57,271,0,nan,nan,0.17
9/2/2023 8:04:34,1.16.3,FR1,0,4.09,nan,1,LeftWithPellet,Left,410,57,271,0,nan,nan,0.06
9/2/2023 8:05:13,1.16.3,FR1,0,4.09,nan,1,LeftWithPellet,Left,411,57,271,0,nan,nan,0.10
9/2/2023 8:05:15,1.16.3,FR1,0,4.09,nan,1,LeftWithPellet,Left,412,57,271,0,nan,nan,0.14
9/2/2023 8:05:17,1.16.3,FR1,0,4.09,1,1,Pellet,Left,412,57,272,0,54.50,72,nan
9/2/2023 8:05:32,1.16.3,FR1,0,4.09,nan,1,Left,Left,413,57,272,0,nan,nan,0.08
9/2/2023 8:05:33,1.16.3,FR1,0,4.09,1,1,Pellet,Left,413,57,273,0,0.73,16,nan
9/2/2023 8:05:49,1.16.3,FR1,0,4.09,nan,1,Left,Left,414,57,273,0,nan,nan,0.08
9/2/2023 8:05:50,1.16.3,FR1,0,4.09,1,1,Pellet,Left,414,57,274,0,0.42,17,nan
9/2/2023 8:06:06,1.16.3,FR1,0,4.09,nan,1,Left,Left,415,57,274,0,nan,nan,0.09
9/2/2023 8:06:10,1.16.3,FR1,0,4.09,nan,1,LeftWithPellet,Left,416,57,274,0,nan,nan,0.00
9/2/2023 8:06:12,1.16.3,FR1,0,4.09,nan,1,LeftWithPellet,Left,417,57,274,0,nan,nan,0.22
9/2/2023 8:06:13,1.16.3,FR1,0,4.09,nan,1,LeftWithPellet,Left,418,57,274,0,nan,nan,0.15
9/2/2023 8:06:14,1.16.3,FR1,0,4.09,nan,1,LeftWithPellet,Left,419,57,274,0,nan,nan,0.07
9/2/2023 8:06:31,1.16.3,FR1,0,4.09,nan,1,LeftWithPellet,Left,420,57,274,0,nan,nan,0.08
9/2/2023 8:06:32,1.16.3,FR1,0,4.09,nan,1,LeftWithPellet,Left,421,57,274,0,nan,nan,0.03
9/2/2023 8:06:33,1.16.3,FR1,0,4.09,nan,1,LeftWithPellet,Left,422,57,274,0,nan,nan,0.14
9/2/2023 8:06:35,1.16.3,FR1,0,4.09,nan,1,LeftWithPellet,Left,423,57,274,0,nan,nan,0.32
9/2/2023 8:06:36,1.16.3,FR1,0,4.09,nan,1,LeftWithPellet,Left,424,57,274,0,nan,nan,0.12
9/2/2023 8:07:01,1.16.3,FR1,0,4.09,nan,1,LeftWithPellet,Left,425,57,274,0,nan,nan,0.03
9/2/2023 8:07:03,1.16.3,FR1,0,4.09,nan,1,LeftWithPellet,Left,426,57,274,0,nan,nan,0.08
9/2/2023 8:07:04,1.16.3,FR1,0,4.09,nan,1,LeftWithPellet,Left,427,57,274,0,nan,nan,0.13
9/2/2023 8:15:15,1.16.3,FR1,0,4.09,nan,1,LeftWithPellet,Left,428,57,274,0,nan,nan,0.18
9/2/2023 8:15:16,1.16.3,FR1,0,4.09,nan,1,LeftWithPellet,Left,429,57,274,0,nan,nan,0.17
9/2/2023 8:15:17,1.16.3,FR1,0,4.09,nan,1,LeftWithPellet,Left,430,57,274,0,nan,nan,0.22
9/2/2023 8:15:18,1.16.3,FR1,0,4.09,nan,1,LeftWithPellet,Left,431,57,274,0,nan,nan,0.02
9/2/2023 8:15:21,1.16.3,FR1,0,4.09,nan,1,LeftWithPellet,Left,432,57,274,0,nan,nan,0.26
9/2/2023 8:15:26,1.16.3,FR1,0,4.09,nan,1,LeftWithPellet,Left,433,57,274,0,nan,nan,0.10
9/2/2023 8:15:27,1.16.3,FR1,0,4.09,nan,1,LeftWithPellet,Left,434,57,274,0,nan,nan,0.09
9/2/2023 8:15:32,1.16.3,FR1,0,4.09,nan,1,LeftWithPellet,Left,435,57,274,0,nan,nan,0.15
9/2/2023 8:15:35,1.16.3,FR1,0,4.09,1,1,Pellet,Left,435,57,275,0,Timed_out,584,nan
9/2/2023 8:15:36,1.16.3,FR1,0,4.09,nan,1,Left,Left,436,57,275,0,nan,nan,0.11
9/2/2023 8:15:40,1.16.3,FR1,0,4.09,nan,1,LeftWithPellet,Left,437,57,275,0,nan,nan,0.13
9/2/2023 8:16:02,1.16.3,FR1,0,4.09,nan,1,LeftWithPellet,Left,438,57,275,0,nan,nan,0.03
9/2/2023 8:16:08,1.16.3,FR1,0,4.09,nan,1,LeftWithPellet,Left,439,57,275,0,nan,nan,0.22
9/2/2023 8:16:09,1.16.3,FR1,0,4.09,nan,1,LeftWithPellet,Left,440,57,275,0,nan,nan,0.13
9/2/2023 8:16:12,1.16.3,FR1,0,4.09,nan,1,RightWithPellet,Left,440,58,275,0,nan,nan,0.13
9/2/2023 8:16:13,1.16.3,FR1,0,4.09,nan,1,LeftWithPellet,Left,441,58,275,0,nan,nan,0.05
9/2/2023 8:16:23,1.16.3,FR1,0,4.09,nan,1,RightWithPellet,Left,441,59,275,0,nan,nan,0.08
9/2/2023 8:17:07,1.16.3,FR1,0,4.09,nan,1,LeftWithPellet,Left,442,59,275,0,nan,nan,0.03
9/2/2023 8:17:09,1.16.3,FR1,0,4.09,2,1,Pellet,Left,442,59,276,0,Timed_out,95,nan
9/2/2023 8:17:15,1.16.3,FR1,0,4.09,nan,1,Left,Left,443,59,276,0,nan,nan,0.05
9/2/2023 8:17:16,1.16.3,FR1,0,4.09,1,1,Pellet,Left,443,59,277,0,0.42,7,nan
9/2/2023 8:17:33,1.16.3,FR1,0,4.09,nan,1,Left,Left,444,59,277,0,nan,nan,0.11
9/2/2023 8:17:34,1.16.3,FR1,0,4.09,2,1,Pellet,Left,444,59,278,0,0.73,18,nan
9/2/2023 8:17:49,1.16.3,FR1,0,4.09,nan,1,Left,Left,445,59,278,0,nan,nan,0.07
9/2/2023 8:17:53,1.16.3,FR1,0,4.09,nan,1,LeftWithPellet,Left,446,59,278,0,nan,nan,0.07
9/2/2023 8:17:54,1.16.3,FR1,0,4.09,2,1,Pellet,Left,446,59,279,0,2.07,20,nan
9/2/2023 8:18:06,1.16.3,FR1,0,4.09,nan,1,Left,Left,447,59,279,0,nan,nan,0.04
9/2/2023 8:18:10,1.16.3,FR1,0,4.09,nan,1,LeftWithPellet,Left,448,59,279,0,nan,nan,0.01
9/2/2023 8:18:13,1.16.3,FR1,0,4.09,nan,1,LeftWithPellet,Left,449,59,279,0,nan,nan,0.05
9/2/2023 8:18:14,1.16.3,FR1,0,4.09,nan,1,LeftWithPellet,Left,450,59,279,0,nan,nan,0.02
9/2/2023 8:18:15,1.16.3,FR1,0,4.09,nan,1,LeftWithPellet,Left,451,59,279,0,nan,nan,0.18
9/2/2023 8:18:44,1.16.3,FR1,0,4.09,nan,1,LeftWithPellet,Left,452,59,279,0,nan,nan,0.06
9/2/2023 8:18:46,1.16.3,FR1,0,4.09,1,1,Pellet,Left,452,59,280,0,38.46,52,nan
9/2/2023 8:18:47,1.16.3,FR1,0,4.09,nan,1,Left,Left,453,59,280,0,nan,nan,0.15
9/2/2023 8:18:49,1.16.3,FR1,0,4.09,1,1,Pellet,Left,453,59,281,0,0.30,2,nan
9/2/2023 8:19:08,1.16.3,FR1,0,4.09,nan,1,Left,Left,454,59,281,0,nan,nan,0.18
9/2/2023 8:19:18,1.16.3,FR1,0,4.09,2,1,Pellet,Left,454,59,282,0,7.29,30,nan
9/2/2023 8:19:38,1.16.3,FR1,0,4.09,nan,1,Left,Left,455,59,282,0,nan,nan,0.11
9/2/2023 8:19:39,1.16.3,FR1,0,4.09,2,1,Pellet,Left,455,59,283,0,0.24,21,nan
9/2/2023 8:19:53,1.16.3,FR1,0,4.09,nan,1,Left,Left,456,59,283,0,nan,nan,0.15
9/2/2023 8:19:55,1.16.3,FR1,0,4.09,1,1,Pellet,Left,456,59,284,0,0.73,16,nan
9/2/2023 8:20:07,1.16.3,FR1,0,4.09,nan,1,Left,Left,457,59,284,0,nan,nan,0.09
9/2/2023 8:20:08,1.16.3,FR1,0,4.09,2,1,Pellet,Left,457,59,285,0,0.18,13,nan
9/2/2023 8:20:21,1.16.3,FR1,0,4.09,nan,1,Left,Left,458,59,285,0,nan,nan,0.11
9/2/2023 8:20:23,1.16.3,FR1,0,4.09,1,1,Pellet,Left,458,59,286,0,0.61,15,nan
9/2/2023 8:20:43,1.16.3,FR1,0,4.09,nan,1,Left,Left,459,59,286,0,nan,nan,0.13
9/2/2023 8:20:45,1.16.3,FR1,0,4.09,1,1,Pellet,Left,459,59,287,0,0.48,22,nan
9/2/2023 8:31:37,1.16.3,FR1,0,4.09,nan,1,Left,Left,460,59,287,0,nan,nan,0.08
9/2/2023 8:31:38,1.16.3,FR1,0,4.09,1,1,Pellet,Left,460,59,288,0,0.61,653,nan
9/2/2023 8:31:53,1.16.3,FR1,0,4.09,nan,1,Left,Left,461,59,288,0,nan,nan,0.08
9/2/2023 8:32:26,1.16.3,FR1,0,4.09,nan,1,LeftWithPellet,Left,462,59,288,0,nan,nan,0.08
9/2/2023 8:32:27,1.16.3,FR1,0,4.09,2,1,Pellet,Left,462,59,289,0,31.12,49,nan
9/2/2023 8:32:29,1.16.3,FR1,0,4.09,nan,1,Left,Left,463,59,289,0,nan,nan,0.01
9/2/2023 8:32:29,1.16.3,FR1,0,4.09,nan,1,LeftDuringDispense,Left,464,59,289,0,nan,nan,0.04
9/2/2023 8:32:33,1.16.3,FR1,0,4.09,2,1,Pellet,Left,464,59,290,0,1.34,6,nan
9/2/2023 8:32:48,1.16.3,FR1,0,4.09,nan,1,Left,Left,465,59,290,0,nan,nan,0.06
9/2/2023 8:32:49,1.16.3,FR1,0,4.09,1,1,Pellet,Left,465,59,291,0,0.85,16,nan
9/2/2023 8:33:04,1.16.3,FR1,0,4.09,nan,1,Left,Left,466,59,291,0,nan,nan,0.07
9/2/2023 8:33:05,1.16.3,FR1,0,4.09,2,1,Pellet,Left,466,59,292,0,0.48,16,nan
9/2/2023 8:33:16,1.16.3,FR1,0,4.09,nan,1,Left,Left,467,59,292,0,nan,nan,0.04
9/2/2023 8:33:17,1.16.3,FR1,0,4.09,1,1,Pellet,Left,467,59,293,0,0.67,12,nan
9/2/2023 8:33:36,1.16.3,FR1,0,4.09,nan,1,Left,Left,468,59,293,0,nan,nan,0.08
9/2/2023 8:35:10,1.16.3,FR1,0,4.09,nan,1,LeftWithPellet,Left,469,59,293,0,nan,nan,0.16
9/2/2023 8:35:11,1.16.3,FR1,0,4.09,nan,1,LeftWithPellet,Left,470,59,293,0,nan,nan,0.25
9/2/2023 8:35:43,1.16.3,FR1,0,4.09,nan,1,LeftWithPellet,Left,471,59,293,0,nan,nan,0.13
9/2/2023 8:35:44,1.16.3,FR1,0,4.09,nan,1,LeftWithPellet,Left,472,59,293,0,nan,nan,0.14
9/2/2023 8:35:45,1.16.3,FR1,0,4.09,nan,1,LeftWithPellet,Left,473,59,293,0,nan,nan,0.23
9/2/2023 8:35:46,1.16.3,FR1,0,4.09,nan,1,LeftWithPellet,Left,474,59,293,0,nan,nan,0.21
9/2/2023 8:35:48,1.16.3,FR1,0,4.09,nan,1,LeftWithPellet,Left,475,59,293,0,nan,nan,0.08
9/2/2023 8:35:57,1.16.3,FR1,0,4.09,nan,1,LeftWithPellet,Left,476,59,293,0,nan,nan,0.29
9/2/2023 8:35:57,1.16.3,FR1,0,4.09,nan,1,LeftWithPellet,Left,477,59,293,0,nan,nan,0.08
9/2/2023 8:36:00,1.16.3,FR1,0,4.09,nan,1,LeftWithPellet,Left,478,59,293,0,nan,nan,0.09
9/2/2023 8:36:02,1.16.3,FR1,0,4.09,nan,1,LeftWithPellet,Left,479,59,293,0,nan,nan,0.11
9/2/2023 8:36:04,1.16.3,FR1,0,4.08,nan,1,LeftWithPellet,Left,480,59,293,0,nan,nan,0.10
9/2/2023 8:36:05,1.16.3,FR1,0,4.09,nan,1,LeftWithPellet,Left,481,59,293,0,nan,nan,0.16
9/2/2023 8:36:08,1.16.3,FR1,0,4.09,nan,1,LeftWithPellet,Left,482,59,293,0,nan,nan,0.11
9/2/2023 8:36:21,1.16.3,FR1,0,4.09,nan,1,LeftWithPellet,Left,483,59,293,0,nan,nan,0.10
9/2/2023 8:36:22,1.16.3,FR1,0,4.09,nan,1,LeftWithPellet,Left,484,59,293,0,nan,nan,0.09
9/2/2023 8:36:23,1.16.3,FR1,0,4.09,nan,1,LeftWithPellet,Left,485,59,293,0,nan,nan,0.12
9/2/2023 8:38:53,1.16.3,FR1,0,4.09,nan,1,LeftWithPellet,Left,486,59,293,0,nan,nan,0.48
9/2/2023 8:38:54,1.16.3,FR1,0,4.09,nan,1,LeftWithPellet,Left,487,59,293,0,nan,nan,0.21
9/2/2023 8:38:58,1.16.3,FR1,0,4.09,nan,1,LeftWithPellet,Left,488,59,293,0,nan,nan,0.17
9/2/2023 8:38:59,1.16.3,FR1,0,4.09,nan,1,LeftWithPellet,Left,489,59,293,0,nan,nan,0.20
9/2/2023 8:42:30,1.16.3,FR1,0,4.09,nan,1,LeftWithPellet,Left,490,59,293,0,nan,nan,0.17
9/2/2023 8:42:32,1.16.3,FR1,0,4.09,nan,1,LeftWithPellet,Left,491,59,293,0,nan,nan,0.13
9/2/2023 8:42:34,1.16.3,FR1,0,4.09,nan,1,LeftWithPellet,Left,492,59,293,0,nan,nan,0.24
9/2/2023 8:42:36,1.16.3,FR1,0,4.09,nan,1,LeftWithPellet,Left,493,59,293,0,nan,nan,0.03
9/2/2023 8:42:37,1.16.3,FR1,0,4.09,nan,1,LeftWithPellet,Left,494,59,293,0,nan,nan,0.14
9/2/2023 8:42:40,1.16.3,FR1,0,4.09,nan,1,LeftWithPellet,Left,495,59,293,0,nan,nan,0.16
9/2/2023 8:42:45,1.16.3,FR1,0,4.09,nan,1,LeftWithPellet,Left,496,59,293,0,nan,nan,0.07
9/2/2023 8:42:48,1.16.3,FR1,0,4.09,nan,1,LeftWithPellet,Left,497,59,293,0,nan,nan,0.43
9/2/2023 8:42:53,1.16.3,FR1,0,4.08,nan,1,LeftWithPellet,Left,498,59,293,0,nan,nan,0.03
9/2/2023 8:43:47,1.16.3,FR1,0,4.09,nan,1,LeftWithPellet,Left,499,59,293,0,nan,nan,0.43
9/2/2023 8:43:49,1.16.3,FR1,0,4.09,nan,1,LeftWithPellet,Left,500,59,293,0,nan,nan,0.11
9/2/2023 8:43:55,1.16.3,FR1,0,4.09,nan,1,LeftWithPellet,Left,501,59,293,0,nan,nan,0.05
9/2/2023 8:43:58,1.16.3,FR1,0,4.08,nan,1,LeftWithPellet,Left,502,59,293,0,nan,nan,0.10
9/2/2023 8:44:00,1.16.3,FR1,0,4.09,nan,1,RightWithPellet,Left,502,60,293,0,nan,nan,0.30
9/2/2023 8:44:04,1.16.3,FR1,0,4.09,nan,1,LeftWithPellet,Left,503,60,293,0,nan,nan,0.12
9/2/2023 8:44:05,1.16.3,FR1,0,4.09,nan,1,LeftWithPellet,Left,504,60,293,0,nan,nan,0.21
9/2/2023 8:44:07,1.16.3,FR1,0,4.09,nan,1,LeftWithPellet,Left,505,60,293,0,nan,nan,0.08
9/2/2023 8:44:08,1.16.3,FR1,0,4.09,nan,1,LeftWithPellet,Left,506,60,293,0,nan,nan,0.16
9/2/2023 8:44:10,1.16.3,FR1,0,4.07,nan,1,LeftWithPellet,Left,507,60,293,0,nan,nan,0.09
9/2/2023 8:44:11,1.16.3,FR1,0,4.09,nan,1,LeftWithPellet,Left,508,60,293,0,nan,nan,0.08
9/2/2023 8:44:12,1.16.3,FR1,0,4.09,nan,1,LeftWithPellet,Left,509,60,293,0,nan,nan,0.15
9/2/2023 8:44:40,1.16.3,FR1,0,4.09,nan,1,LeftWithPellet,Left,510,60,293,0,nan,nan,0.14
9/2/2023 8:44:41,1.16.3,FR1,0,4.09,nan,1,LeftWithPellet,Left,511,60,293,0,nan,nan,0.10
9/2/2023 8:45:53,1.16.3,FR1,0,4.09,nan,1,LeftWithPellet,Left,512,60,293,0,nan,nan,0.16
9/2/2023 8:45:55,1.16.3,FR1,0,4.09,nan,1,LeftWithPellet,Left,513,60,293,0,nan,nan,0.18
9/2/2023 8:45:57,1.16.3,FR1,0,4.09,nan,1,LeftWithPellet,Left,514,60,293,0,nan,nan,0.14
9/2/2023 8:45:59,1.16.3,FR1,0,4.09,nan,1,LeftWithPellet,Left,515,60,293,0,nan,nan,0.17
9/2/2023 8:46:03,1.16.3,FR1,0,4.09,nan,1,LeftWithPellet,Left,516,60,293,0,nan,nan,0.11
9/2/2023 8:46:05,1.16.3,FR1,0,4.09,1,1,Pellet,Left,516,60,294,0,Timed_out,768,nan
9/2/2023 8:46:16,1.16.3,FR1,0,4.09,nan,1,Left,Left,517,60,294,0,nan,nan,0.16
9/2/2023 8:46:17,1.16.3,FR1,0,4.09,1,1,Pellet,Left,517,60,295,0,0.30,12,nan
9/2/2023 8:46:34,1.16.3,FR1,0,4.09,nan,1,Left,Left,518,60,295,0,nan,nan,0.06
9/2/2023 8:46:34,1.16.3,FR1,0,4.09,1,1,Pellet,Left,518,60,296,0,0.24,17,nan
9/2/2023 8:46:48,1.16.3,FR1,0,4.09,nan,1,Left,Left,519,60,296,0,nan,nan,0.11
9/2/2023 8:46:51,1.16.3,FR1,0,4.09,nan,1,LeftWithPellet,Left,520,60,296,0,nan,nan,0.15
9/2/2023 8:46:54,1.16.3,FR1,0,4.09,nan,1,LeftWithPellet,Left,521,60,296,0,nan,nan,0.17
9/2/2023 8:46:57,1.16.3,FR1,0,4.09,nan,1,LeftWithPellet,Left,522,60,296,0,nan,nan,0.09
9/2/2023 8:47:34,1.16.3,FR1,0,4.09,nan,1,LeftWithPellet,Left,523,60,296,0,nan,nan,0.02
9/2/2023 8:47:37,1.16.3,FR1,0,4.09,nan,1,LeftWithPellet,Left,524,60,296,0,nan,nan,0.05
9/2/2023 8:47:46,1.16.3,FR1,0,4.09,nan,1,LeftWithPellet,Left,525,60,296,0,nan,nan,0.12
9/2/2023 8:47:47,1.16.3,FR1,0,4.09,1,1,Pellet,Left,525,60,297,0,58.60,73,nan
9/2/2023 8:47:54,1.16.3,FR1,0,4.09,nan,1,Left,Left,526,60,297,0,nan,nan,0.04
9/2/2023 8:48:07,1.16.3,FR1,0,4.09,2,1,Pellet,Left,526,60,298,0,10.74,20,nan
9/2/2023 8:48:23,1.16.3,FR1,0,4.08,nan,1,Left,Left,527,60,298,0,nan,nan,0.04
9/2/2023 8:48:25,1.16.3,FR1,0,4.09,1,1,Pellet,Left,527,60,299,0,0.79,18,nan
9/2/2023 8:48:42,1.16.3,FR1,0,4.09,nan,1,Left,Left,528,60,299,0,nan,nan,0.14
9/2/2023 8:48:43,1.16.3,FR1,0,4.09,1,1,Pellet,Left,528,60,300,0,0.24,18,nan
9/2/2023 8:48:57,1.16.3,FR1,0,4.09,nan,1,Left,Left,529,60,300,0,nan,nan,0.19
9/2/2023 8:48:59,1.16.3,FR1,0,4.09,1,1,Pellet,Left,529,60,301,0,0.48,16,nan
9/2/2023 8:49:21,1.16.3,FR1,0,4.09,nan,1,Left,Left,530,60,301,0,nan,nan,0.38
9/2/2023 8:49:22,1.16.3,FR1,0,4.09,1,1,Pellet,Left,530,60,302,0,0.30,23,nan
9/2/2023 8:49:38,1.16.3,FR1,0,4.09,nan,1,Left,Left,531,60,302,0,nan,nan,0.13
9/2/2023 8:49:39,1.16.3,FR1,0,4.09,1,1,Pellet,Left,531,60,303,0,0.36,17,nan
9/2/2023 8:49:55,1.16.3,FR1,0,4.09,nan,1,Left,Left,532,60,303,0,nan,nan,0.11
9/2/2023 8:49:56,1.16.3,FR1,0,4.09,1,1,Pellet,Left,532,60,304,0,0.36,17,nan
9/2/2023 8:50:13,1.16.3,FR1,0,4.09,nan,1,Left,Left,533,60,304,0,nan,nan,0.04
9/2/2023 8:50:15,1.16.3,FR1,0,4.09,1,1,Pellet,Left,533,60,305,0,0.79,19,nan
9/2/2023 8:50:34,1.16.3,FR1,0,4.09,nan,1,Left,Left,534,60,305,0,nan,nan,0.09
9/2/2023 8:50:36,1.16.3,FR1,0,4.09,1,1,Pellet,Left,534,60,306,0,0.73,20,nan
9/2/2023 8:56:35,1.16.3,FR1,0,4.09,nan,1,Left,Left,535,60,306,0,nan,nan,0.02
9/2/2023 8:56:36,1.16.3,FR1,0,4.09,1,1,Pellet,Left,535,60,307,0,0.55,361,nan
9/2/2023 8:57:35,1.16.3,FR1,0,4.09,nan,1,Left,Left,536,60,307,0,nan,nan,0.15
9/2/2023 8:58:11,1.16.3,FR1,0,4.09,nan,1,LeftWithPellet,Left,537,60,307,0,nan,nan,0.16
9/2/2023 8:58:13,1.16.3,FR1,0,4.09,nan,1,LeftWithPellet,Left,538,60,307,0,nan,nan,0.11
9/2/2023 9:03:01,1.16.3,FR1,0,4.09,nan,1,LeftWithPellet,Left,539,60,307,0,nan,nan,0.11
9/2/2023 9:03:03,1.16.3,FR1,0,4.09,nan,1,LeftWithPellet,Left,540,60,307,0,nan,nan,0.11
9/2/2023 9:04:26,1.16.3,FR1,0,4.09,nan,1,LeftWithPellet,Left,541,60,307,0,nan,nan,0.05
9/2/2023 9:09:31,1.16.3,FR1,0,4.09,nan,1,LeftWithPellet,Left,542,60,307,0,nan,nan,0.14
9/2/2023 9:11:46,1.16.3,FR1,0,4.08,nan,1,LeftWithPellet,Left,543,60,307,0,nan,nan,0.10
9/2/2023 9:11:49,1.16.3,FR1,0,4.09,nan,1,LeftWithPellet,Left,544,60,307,0,nan,nan,0.13
9/2/2023 9:11:52,1.16.3,FR1,0,4.09,nan,1,LeftWithPellet,Left,545,60,307,0,nan,nan,0.05
9/2/2023 9:11:54,1.16.3,FR1,0,4.09,nan,1,LeftWithPellet,Left,546,60,307,0,nan,nan,0.10
9/2/2023 9:11:56,1.16.3,FR1,0,4.09,nan,1,LeftWithPellet,Left,547,60,307,0,nan,nan,0.12
9/2/2023 9:11:57,1.16.3,FR1,0,4.09,nan,1,LeftWithPellet,Left,548,60,307,0,nan,nan,0.09
9/2/2023 9:12:00,1.16.3,FR1,0,4.08,nan,1,LeftWithPellet,Left,549,60,307,0,nan,nan,0.06
9/2/2023 9:12:09,1.16.3,FR1,0,4.09,nan,1,LeftWithPellet,Left,550,60,307,0,nan,nan,0.03
9/2/2023 9:12:11,1.16.3,FR1,0,4.09,nan,1,LeftWithPellet,Left,551,60,307,0,nan,nan,0.14
9/2/2023 9:12:14,1.16.3,FR1,0,4.09,nan,1,LeftWithPellet,Left,552,60,307,0,nan,nan,0.11
9/2/2023 9:12:15,1.16.3,FR1,0,4.09,nan,1,LeftWithPellet,Left,553,60,307,0,nan,nan,0.13
9/2/2023 9:12:18,1.16.3,FR1,0,4.09,nan,1,LeftWithPellet,Left,554,60,307,0,nan,nan,0.05
9/2/2023 9:13:20,1.16.3,FR1,0,4.09,nan,1,LeftWithPellet,Left,555,60,307,0,nan,nan,0.05
9/2/2023 9:13:22,1.16.3,FR1,0,4.09,nan,1,LeftWithPellet,Left,556,60,307,0,nan,nan,0.21
9/2/2023 9:13:26,1.16.3,FR1,0,4.08,nan,1,LeftWithPellet,Left,557,60,307,0,nan,nan,0.08
9/2/2023 9:13:27,1.16.3,FR1,0,4.09,nan,1,LeftWithPellet,Left,558,60,307,0,nan,nan,0.19
9/2/2023 9:13:32,1.16.3,FR1,0,4.09,nan,1,LeftWithPellet,Left,559,60,307,0,nan,nan,0.21
9/2/2023 9:13:36,1.16.3,FR1,0,4.09,nan,1,LeftWithPellet,Left,560,60,307,0,nan,nan,0.10
9/2/2023 9:13:37,1.16.3,FR1,0,4.09,nan,1,LeftWithPellet,Left,561,60,307,0,nan,nan,0.07
9/2/2023 9:13:45,1.16.3,FR1,0,4.09,nan,1,LeftWithPellet,Left,562,60,307,0,nan,nan,0.03
9/2/2023 9:14:43,1.16.3,FR1,0,4.09,nan,1,LeftWithPellet,Left,563,60,307,0,nan,nan,0.04
9/2/2023 9:15:22,1.16.3,FR1,0,4.09,nan,1,LeftWithPellet,Left,564,60,307,0,nan,nan,0.18
9/2/2023 9:15:26,1.16.3,FR1,0,4.09,nan,1,LeftWithPellet,Left,565,60,307,0,nan,nan,0.04
9/2/2023 9:15:28,1.16.3,FR1,0,4.09,nan,1,LeftWithPellet,Left,566,60,307,0,nan,nan,0.23
9/2/2023 9:15:31,1.16.3,FR1,0,4.09,nan,1,LeftWithPellet,Left,567,60,307,0,nan,nan,0.14
9/2/2023 9:15:35,1.16.3,FR1,0,4.09,nan,1,LeftWithPellet,Left,568,60,307,0,nan,nan,0.03
9/2/2023 9:15:38,1.16.3,FR1,0,4.09,1,1,Pellet,Left,568,60,308,0,Timed_out,1142,nan
9/2/2023 9:23:13,1.16.3,FR1,0,4.09,nan,1,Left,Left,569,60,308,0,nan,nan,0.11
9/2/2023 9:23:13,1.16.3,FR1,0,4.09,nan,1,LeftDuringDispense,Left,570,60,308,0,nan,nan,0.06
9/2/2023 9:23:36,1.16.3,FR1,0,4.09,2,1,Pellet,Left,570,60,309,0,20.46,478,nan
9/2/2023 9:23:50,1.16.3,FR1,0,4.09,nan,1,Left,Left,571,60,309,0,nan,nan,0.13
9/2/2023 9:23:53,1.16.3,FR1,0,4.09,nan,1,LeftWithPellet,Left,572,60,309,0,nan,nan,0.08
9/2/2023 9:23:57,1.16.3,FR1,0,4.09,nan,1,LeftWithPellet,Left,573,60,309,0,nan,nan,0.13
9/2/2023 9:23:58,1.16.3,FR1,0,4.07,nan,1,LeftWithPellet,Left,574,60,309,0,nan,nan,0.32
9/2/2023 9:24:05,1.16.3,FR1,0,4.09,nan,1,LeftWithPellet,Left,575,60,309,0,nan,nan,0.08
9/2/2023 9:24:54,1.16.3,FR1,0,4.08,nan,1,LeftWithPellet,Left,576,60,309,0,nan,nan,0.08
9/2/2023 9:24:57,1.16.3,FR1,0,4.08,nan,1,LeftWithPellet,Left,577,60,309,0,nan,nan,0.15
9/2/2023 9:24:58,1.16.3,FR1,0,4.09,1,1,Pellet,Left,577,60,310,0,Timed_out,82,nan
9/2/2023 9:24:59,1.16.3,FR1,0,4.08,nan,1,Left,Left,578,60,310,0,nan,nan,0.14
9/2/2023 9:25:01,1.16.3,FR1,0,4.09,1,1,Pellet,Left,578,60,311,0,0.48,3,nan
9/2/2023 9:25:16,1.16.3,FR1,0,4.09,nan,1,Left,Left,579,60,311,0,nan,nan,0.09
9/2/2023 9:25:17,1.16.3,FR1,0,4.08,1,1,Pellet,Left,579,60,312,0,0.61,16,nan
9/2/2023 9:25:28,1.16.3,FR1,0,4.09,nan,1,Left,Left,580,60,312,0,nan,nan,0.05
9/2/2023 9:25:30,1.16.3,FR1,0,4.08,1,1,Pellet,Left,580,60,313,0,0.67,13,nan
9/2/2023 9:25:39,1.16.3,FR1,0,4.09,nan,1,Left,Left,581,60,313,0,nan,nan,0.04
9/2/2023 9:25:41,1.16.3,FR1,0,4.09,1,1,Pellet,Left,581,60,314,0,0.73,11,nan
9/2/2023 9:25:55,1.16.3,FR1,0,4.08,nan,1,Left,Left,582,60,314,0,nan,nan,0.04
9/2/2023 9:25:59,1.16.3,FR1,0,4.09,2,1,Pellet,Left,582,60,315,0,1.40,18,nan
9/2/2023 9:26:09,1.16.3,FR1,0,4.08,nan,1,Left,Left,583,60,315,0,nan,nan,0.02
9/2/2023 9:26:10,1.16.3,FR1,0,4.08,1,1,Pellet,Left,583,60,316,0,0.73,11,nan
9/2/2023 9:26:22,1.16.3,FR1,0,4.09,nan,1,Left,Left,584,60,316,0,nan,nan,0.04
9/2/2023 9:26:24,1.16.3,FR1,0,4.09,1,1,Pellet,Left,584,60,317,0,0.79,14,nan
9/2/2023 9:26:40,1.16.3,FR1,0,4.08,nan,1,Left,Left,585,60,317,0,nan,nan,0.05
9/2/2023 9:26:44,1.16.3,FR1,0,4.09,2,1,Pellet,Left,585,60,318,0,0.85,20,nan
9/2/2023 9:26:59,1.16.3,FR1,0,4.09,nan,1,Left,Left,586,60,318,0,nan,nan,0.09
9/2/2023 9:27:00,1.16.3,FR1,0,4.09,1,1,Pellet,Left,586,60,319,0,0.55,16,nan
9/2/2023 9:27:16,1.16.3,FR1,0,4.09,nan,1,Left,Left,587,60,319,0,nan,nan,0.09
9/2/2023 9:27:17,1.16.3,FR1,0,4.09,1,1,Pellet,Left,587,60,320,0,0.97,17,nan
9/2/2023 9:27:31,1.16.3,FR1,0,4.08,nan,1,Left,Left,588,60,320,0,nan,nan,0.09
9/2/2023 9:27:33,1.16.3,FR1,0,4.09,1,1,Pellet,Left,588,60,321,0,0.85,16,nan
9/2/2023 9:27:49,1.16.3,FR1,0,4.08,nan,1,Left,Left,589,60,321,0,nan,nan,0.01
9/2/2023 9:27:52,1.16.3,FR1,0,4.09,nan,1,LeftWithPellet,Left,590,60,321,0,nan,nan,0.09
9/2/2023 9:27:54,1.16.3,FR1,0,4.09,2,1,Pellet,Left,590,60,322,0,1.66,21,nan
9/2/2023 9:28:01,1.16.3,FR1,0,4.09,nan,1,Left,Left,591,60,322,0,nan,nan,0.06
9/2/2023 9:28:06,1.16.3,FR1,0,4.09,2,1,Pellet,Left,591,60,323,0,1.40,12,nan
9/2/2023 9:28:20,1.16.3,FR1,0,4.08,nan,1,Left,Left,592,60,323,0,nan,nan,0.16
9/2/2023 9:28:22,1.16.3,FR1,0,4.09,1,1,Pellet,Left,592,60,324,0,0.67,16,nan
9/2/2023 9:28:36,1.16.3,FR1,0,4.09,nan,1,Left,Left,593,60,324,0,nan,nan,0.04
9/2/2023 9:28:37,1.16.3,FR1,0,4.09,nan,1,LeftDuringDispense,Left,594,60,324,0,nan,nan,0.01
9/2/2023 9:28:40,1.16.3,FR1,0,4.09,2,1,Pellet,Left,594,60,325,0,0.73,18,nan
9/2/2023 9:28:55,1.16.3,FR1,0,4.09,nan,1,Left,Left,595,60,325,0,nan,nan,0.08
9/2/2023 9:28:58,1.16.3,FR1,0,4.09,1,1,Pellet,Left,595,60,326,0,2.02,18,nan
9/2/2023 9:35:16,1.16.3,FR1,0,4.08,nan,1,Left,Left,596,60,326,0,nan,nan,0.10
9/2/2023 9:35:18,1.16.3,FR1,0,4.08,1,1,Pellet,Left,596,60,327,0,0.67,380,nan
9/2/2023 9:42:50,1.16.3,FR1,0,4.09,nan,1,Right,Left,596,61,327,0,nan,nan,0.00
9/2/2023 9:42:56,1.16.3,FR1,0,4.09,nan,1,Left,Left,597,61,327,0,nan,nan,0.12
9/2/2023 9:42:57,1.16.3,FR1,0,4.09,1,1,Pellet,Left,597,61,328,0,0.55,459,nan
9/2/2023 9:45:30,1.16.3,FR1,0,4.08,nan,1,Left,Left,598,61,328,0,nan,nan,0.22
9/2/2023 9:45:31,1.16.3,FR1,0,4.08,1,1,Pellet,Left,598,61,329,0,0.55,154,nan
9/2/2023 9:52:35,1.16.3,FR1,0,4.08,nan,1,Left,Left,599,61,329,0,nan,nan,0.13
9/2/2023 9:56:04,1.16.3,FR1,0,4.09,nan,1,LeftWithPellet,Left,600,61,329,0,nan,nan,0.01
9/2/2023 9:59:02,1.16.3,FR1,0,4.09,nan,1,LeftWithPellet,Left,601,61,329,0,nan,nan,0.04
